location	listing_type	listing_id
dtdistrict15	rent	listing_1
dtdistrict03	rent	listing_10
dtdistrict09	rent	listing_100
dtdistrict12	rent	listing_1000
dtdistrict14	room	listing_1001
dtdistrict19	rent	listing_1002
dtdistrict15	sale	listing_1003
dtdistrict08	rent	listing_1004
dtdistrict15	rent	listing_1005
dtdistrict20	room	listing_1006
dtdistrict10	rent	listing_1007
dtdistrict05	rent	listing_1008
dtdistrict09	rent	listing_1009
dtdistrict09	rent	listing_101
dtdistrict22	rent	listing_1010
dtdistrict19	rent	listing_1011
dtdistrict28	rent	listing_1012
dtdistrict07	rent	listing_1013
dtdistrict22	rent	listing_1014
dtdistrict22	rent	listing_1015
dtdistrict03	rent	listing_1016
dtdistrict14	rent	listing_1017
dtdistrict22	rent	listing_1018
dtdistrict03	room	listing_1019
dtdistrict05	rent	listing_102
dtdistrict14	rent	listing_1020
dtdistrict28	sale	listing_1021
dtdistrict15	rent	listing_1022
dtdistrict14	rent	listing_1023
dtdistrict12	rent	listing_1024
dtdistrict21	rent	listing_1025
dtdistrict11	room	listing_1026
dtdistrict21	rent	listing_1027
dtdistrict09	rent	listing_1028
dtdistrict23	rent	listing_1029
dtdistrict23	rent	listing_103
dtdistrict03	rent	listing_1030
dtdistrict03	room	listing_1031
dtdistrict07	rent	listing_1032
dtdistrict08	rent	listing_1033
dtdistrict05	rent	listing_1034
dtdistrict08	rent	listing_1035
dtdistrict03	rent	listing_1036
dtdistrict03	rent	listing_1037
dtdistrict17	rent	listing_1038
dtdistrict07	rent	listing_1039
dtdistrict22	rent	listing_104
dtdistrict09	rent	listing_1040
dtdistrict14	rent	listing_1041
dtdistrict14	rent	listing_1042
dtdistrict03	rent	listing_1043
dtdistrict07	rent	listing_1044
dtdistrict21	room	listing_1045
dtdistrict09	rent	listing_1046
dtdistrict04	rent	listing_1047
dtdistrict16	rent	listing_1048
dtdistrict22	rent	listing_1049
dtdistrict08	sale	listing_105
dtdistrict04	rent	listing_1050
dtdistrict08	sale	listing_1051
dtdistrict23	sale	listing_1052
dtdistrict15	rent	listing_1053
dtdistrict03	rent	listing_1054
dtdistrict10	rent	listing_1055
dtdistrict15	sale	listing_1056
dtdistrict11	rent	listing_1057
dtdistrict02	rent	listing_1058
dtdistrict19	rent	listing_1059
dtdistrict19	rent	listing_106
dtdistrict11	rent	listing_1060
dtdistrict15	room	listing_1061
dtdistrict03	rent	listing_1062
dtdistrict03	rent	listing_1063
dtdistrict02	rent	listing_1064
dtdistrict22	rent	listing_1065
dtdistrict10	rent	listing_1066
dtdistrict03	rent	listing_1067
dtdistrict02	rent	listing_1068
dtdistrict05	sale	listing_1069
dtdistrict19	rent	listing_107
dtdistrict08	room	listing_1070
dtdistrict09	rent	listing_1071
dtdistrict05	room	listing_1072
dtdistrict17	sale	listing_1073
dtdistrict09	rent	listing_1074
dtdistrict19	rent	listing_1075
dtdistrict09	rent	listing_1076
dtdistrict11	rent	listing_1077
dtdistrict09	rent	listing_1078
dtdistrict12	rent	listing_1079
dtdistrict14	rent	listing_108
dtdistrict15	rent	listing_1080
dtdistrict10	rent	listing_1081
dtdistrict19	room	listing_1082
dtdistrict12	sale	listing_1083
dtdistrict09	rent	listing_1084
dtdistrict23	rent	listing_1085
dtdistrict15	rent	listing_1086
dtdistrict03	rent	listing_1087
dtdistrict11	rent	listing_1088
dtdistrict18	rent	listing_1089
dtdistrict10	sale	listing_109
dtdistrict09	rent	listing_1090
dtdistrict12	rent	listing_1091
dtdistrict03	rent	listing_1092
dtdistrict12	sale	listing_1093
dtdistrict11	rent	listing_1094
dtdistrict23	room	listing_1095
dtdistrict03	rent	listing_1096
dtdistrict10	rent	listing_1097
dtdistrict21	rent	listing_1098
dtdistrict22	rent	listing_1099
dtdistrict09	rent	listing_11
dtdistrict07	rent	listing_110
dtdistrict09	rent	listing_1100
dtdistrict03	rent	listing_1101
dtdistrict03	rent	listing_1102
dtdistrict12	rent	listing_1103
dtdistrict14	rent	listing_1104
dtdistrict04	rent	listing_1105
dtdistrict09	rent	listing_1106
dtdistrict19	rent	listing_1107
dtdistrict03	rent	listing_1108
dtdistrict21	rent	listing_1109
dtdistrict21	rent	listing_111
dtdistrict11	rent	listing_1110
dtdistrict16	rent	listing_1111
dtdistrict27	rent	listing_1112
dtdistrict22	rent	listing_1113
dtdistrict12	rent	listing_1114
dtdistrict07	rent	listing_1115
dtdistrict23	rent	listing_1116
dtdistrict22	rent	listing_1117
dtdistrict03	rent	listing_1118
dtdistrict19	rent	listing_1119
dtdistrict10	rent	listing_112
dtdistrict27	rent	listing_1120
dtdistrict27	rent	listing_1121
dtdistrict21	rent	listing_1122
dtdistrict03	rent	listing_1123
dtdistrict28	rent	listing_1124
dtdistrict04	rent	listing_1125
dtdistrict22	rent	listing_1126
dtdistrict22	sale	listing_1127
dtdistrict14	rent	listing_1128
dtdistrict10	rent	listing_1129
dtdistrict10	rent	listing_113
dtdistrict18	rent	listing_1130
dtdistrict18	sale	listing_1131
dtdistrict11	rent	listing_1132
dtdistrict04	rent	listing_1133
dtdistrict23	rent	listing_1134
dtdistrict03	rent	listing_1135
dtdistrict15	rent	listing_1136
dtdistrict19	room	listing_1137
dtdistrict21	rent	listing_1138
dtdistrict11	rent	listing_1139
dtdistrict16	rent	listing_114
dtdistrict20	rent	listing_1140
dtdistrict03	rent	listing_1141
dtdistrict20	rent	listing_1142
dtdistrict22	rent	listing_1143
dtdistrict05	room	listing_1144
dtdistrict15	rent	listing_1145
dtdistrict03	rent	listing_1146
dtdistrict03	rent	listing_1147
dtdistrict15	rent	listing_1148
dtdistrict03	rent	listing_1149
dtdistrict03	rent	listing_115
dtdistrict05	rent	listing_1150
dtdistrict11	rent	listing_1151
dtdistrict10	rent	listing_1152
dtdistrict03	rent	listing_1153
dtdistrict14	rent	listing_1154
dtdistrict15	rent	listing_1155
dtdistrict20	rent	listing_1156
dtdistrict05	rent	listing_1157
dtdistrict12	rent	listing_1158
dtdistrict22	rent	listing_1159
dtdistrict23	rent	listing_116
dtdistrict12	sale	listing_1160
dtdistrict11	rent	listing_1161
dtdistrict11	rent	listing_1162
dtdistrict23	rent	listing_1163
dtdistrict04	room	listing_1164
dtdistrict15	rent	listing_1165
dtdistrict15	rent	listing_1166
dtdistrict27	rent	listing_1167
dtdistrict14	sale	listing_1168
dtdistrict05	rent	listing_1169
dtdistrict25	rent	listing_117
dtdistrict22	rent	listing_1170
dtdistrict14	rent	listing_1171
dtdistrict05	rent	listing_1172
dtdistrict16	rent	listing_1173
dtdistrict03	rent	listing_1174
dtdistrict22	rent	listing_1175
dtdistrict12	rent	listing_1176
dtdistrict05	rent	listing_1177
dtdistrict18	rent	listing_1178
dtdistrict14	rent	listing_1179
dtdistrict12	rent	listing_118
dtdistrict03	room	listing_1180
dtdistrict23	room	listing_1181
dtdistrict05	rent	listing_1182
dtdistrict11	rent	listing_1183
dtdistrict14	rent	listing_1184
dtdistrict15	rent	listing_1185
dtdistrict19	rent	listing_1186
dtdistrict11	room	listing_1187
dtdistrict16	sale	listing_1188
dtdistrict10	rent	listing_1189
dtdistrict19	sale	listing_119
dtdistrict12	rent	listing_1190
dtdistrict09	rent	listing_1191
dtdistrict14	rent	listing_1192
dtdistrict11	rent	listing_1193
dtdistrict14	rent	listing_1194
dtdistrict05	rent	listing_1195
dtdistrict16	rent	listing_1196
dtdistrict27	rent	listing_1197
dtdistrict22	rent	listing_1198
dtdistrict27	rent	listing_1199
dtdistrict05	rent	listing_12
dtdistrict10	sale	listing_120
dtdistrict09	rent	listing_1200
dtdistrict25	rent	listing_1201
dtdistrict03	rent	listing_1202
dtdistrict09	rent	listing_1203
dtdistrict20	rent	listing_1204
dtdistrict18	room	listing_1205
dtdistrict19	rent	listing_1206
dtdistrict19	sale	listing_1207
dtdistrict03	rent	listing_1208
dtdistrict15	rent	listing_1209
dtdistrict19	sale	listing_121
dtdistrict19	room	listing_1210
dtdistrict19	room	listing_1211
dtdistrict10	rent	listing_1212
dtdistrict03	rent	listing_1213
dtdistrict19	rent	listing_1214
dtdistrict01	rent	listing_1215
dtdistrict14	rent	listing_1216
dtdistrict09	rent	listing_1217
dtdistrict14	room	listing_1218
dtdistrict15	rent	listing_1219
dtdistrict09	rent	listing_122
dtdistrict10	rent	listing_1220
dtdistrict12	rent	listing_1221
dtdistrict15	rent	listing_1222
dtdistrict10	rent	listing_1223
dtdistrict05	rent	listing_1224
dtdistrict19	sale	listing_1225
dtdistrict15	rent	listing_1226
dtdistrict09	rent	listing_1227
dtdistrict18	room	listing_1228
dtdistrict03	rent	listing_1229
dtdistrict09	room	listing_123
dtdistrict16	sale	listing_1230
dtdistrict10	rent	listing_1231
dtdistrict20	room	listing_1232
dtdistrict08	rent	listing_1233
dtdistrict12	room	listing_1234
dtdistrict09	rent	listing_1235
dtdistrict15	rent	listing_1236
dtdistrict14	rent	listing_1237
dtdistrict25	rent	listing_1238
dtdistrict15	rent	listing_1239
dtdistrict05	rent	listing_124
dtdistrict08	rent	listing_1240
dtdistrict03	rent	listing_1241
dtdistrict04	room	listing_1242
dtdistrict22	rent	listing_1243
dtdistrict11	rent	listing_1244
dtdistrict23	room	listing_1245
dtdistrict05	rent	listing_1246
dtdistrict12	rent	listing_1247
dtdistrict12	rent	listing_1248
dtdistrict14	rent	listing_1249
dtdistrict10	rent	listing_125
dtdistrict14	rent	listing_1250
dtdistrict14	rent	listing_1251
dtdistrict11	rent	listing_1252
dtdistrict02	rent	listing_1253
dtdistrict20	rent	listing_1254
dtdistrict05	sale	listing_1255
dtdistrict07	rent	listing_1256
dtdistrict05	rent	listing_1257
dtdistrict12	room	listing_1258
dtdistrict02	rent	listing_1259
dtdistrict19	rent	listing_126
dtdistrict05	rent	listing_1260
dtdistrict02	rent	listing_1261
dtdistrict22	rent	listing_1262
dtdistrict05	sale	listing_1263
dtdistrict15	rent	listing_1264
dtdistrict10	rent	listing_1265
dtdistrict15	sale	listing_1266
dtdistrict19	sale	listing_1267
dtdistrict05	rent	listing_1268
dtdistrict13	sale	listing_1269
dtdistrict10	rent	listing_127
dtdistrict15	rent	listing_1270
dtdistrict03	sale	listing_1271
dtdistrict12	room	listing_1272
dtdistrict03	rent	listing_1273
dtdistrict10	rent	listing_1274
dtdistrict10	rent	listing_1275
dtdistrict05	rent	listing_1276
dtdistrict14	rent	listing_1277
dtdistrict14	rent	listing_1278
dtdistrict09	rent	listing_1279
dtdistrict19	rent	listing_128
dtdistrict10	rent	listing_1280
dtdistrict11	rent	listing_1281
dtdistrict11	rent	listing_1282
dtdistrict11	rent	listing_1283
dtdistrict03	rent	listing_1284
dtdistrict20	room	listing_1285
dtdistrict25	rent	listing_1286
dtdistrict03	rent	listing_1287
dtdistrict23	room	listing_1288
dtdistrict11	rent	listing_1289
dtdistrict27	rent	listing_129
dtdistrict12	rent	listing_1290
dtdistrict08	room	listing_1291
dtdistrict05	rent	listing_1292
dtdistrict11	rent	listing_1293
dtdistrict14	rent	listing_1294
dtdistrict09	rent	listing_1295
dtdistrict20	room	listing_1296
dtdistrict09	rent	listing_1297
dtdistrict09	rent	listing_1298
dtdistrict03	rent	listing_1299
dtdistrict02	rent	listing_13
dtdistrict09	rent	listing_130
dtdistrict10	rent	listing_1300
dtdistrict15	sale	listing_1301
dtdistrict15	rent	listing_1302
dtdistrict14	rent	listing_1303
dtdistrict14	rent	listing_1304
dtdistrict19	room	listing_1305
dtdistrict12	rent	listing_1306
dtdistrict14	rent	listing_1307
dtdistrict20	rent	listing_1308
dtdistrict04	rent	listing_1309
dtdistrict15	rent	listing_131
dtdistrict07	rent	listing_1310
dtdistrict09	rent	listing_1311
dtdistrict10	rent	listing_1312
dtdistrict23	rent	listing_1313
dtdistrict15	rent	listing_1314
dtdistrict03	rent	listing_1315
dtdistrict02	rent	listing_1316
dtdistrict04	rent	listing_1317
dtdistrict11	rent	listing_1318
dtdistrict13	rent	listing_1319
dtdistrict05	rent	listing_132
dtdistrict03	rent	listing_1320
dtdistrict01	room	listing_1321
dtdistrict08	rent	listing_1322
dtdistrict10	rent	listing_1323
dtdistrict09	rent	listing_1324
dtdistrict14	rent	listing_1325
dtdistrict14	rent	listing_1326
dtdistrict08	rent	listing_1327
dtdistrict05	sale	listing_1328
dtdistrict02	room	listing_1329
dtdistrict03	rent	listing_133
dtdistrict14	rent	listing_1330
dtdistrict09	rent	listing_1331
dtdistrict09	rent	listing_1332
dtdistrict12	rent	listing_1333
dtdistrict09	rent	listing_1334
dtdistrict09	rent	listing_1335
dtdistrict04	rent	listing_1336
dtdistrict04	rent	listing_1337
dtdistrict14	sale	listing_1338
dtdistrict04	sale	listing_1339
dtdistrict20	room	listing_134
dtdistrict09	rent	listing_1340
dtdistrict07	rent	listing_1341
dtdistrict03	rent	listing_1342
dtdistrict20	rent	listing_1343
dtdistrict09	rent	listing_1344
dtdistrict05	sale	listing_1345
dtdistrict11	room	listing_1346
dtdistrict14	rent	listing_1347
dtdistrict11	rent	listing_1348
dtdistrict11	rent	listing_1349
dtdistrict19	sale	listing_135
dtdistrict11	rent	listing_1350
dtdistrict11	rent	listing_1351
dtdistrict10	rent	listing_1352
dtdistrict15	rent	listing_1353
dtdistrict19	sale	listing_1354
dtdistrict17	sale	listing_1355
dtdistrict09	rent	listing_1356
dtdistrict04	room	listing_1357
dtdistrict09	rent	listing_1358
dtdistrict20	rent	listing_1359
dtdistrict08	rent	listing_136
dtdistrict15	rent	listing_1360
dtdistrict15	rent	listing_1361
dtdistrict18	sale	listing_1362
dtdistrict11	rent	listing_1363
dtdistrict11	rent	listing_1364
dtdistrict03	rent	listing_1365
dtdistrict01	room	listing_1366
dtdistrict03	rent	listing_1367
dtdistrict10	rent	listing_1368
dtdistrict14	rent	listing_1369
dtdistrict22	rent	listing_137
dtdistrict14	rent	listing_1370
dtdistrict03	room	listing_1371
dtdistrict11	rent	listing_1372
dtdistrict22	rent	listing_1373
dtdistrict22	rent	listing_1374
dtdistrict09	rent	listing_1375
dtdistrict03	room	listing_1376
dtdistrict11	rent	listing_1377
dtdistrict19	rent	listing_1378
dtdistrict05	room	listing_1379
dtdistrict15	rent	listing_138
dtdistrict03	rent	listing_1380
dtdistrict10	rent	listing_1381
dtdistrict14	sale	listing_1382
dtdistrict09	rent	listing_1383
dtdistrict28	rent	listing_1384
dtdistrict19	sale	listing_1385
dtdistrict11	rent	listing_1386
dtdistrict05	rent	listing_1387
dtdistrict10	rent	listing_1388
dtdistrict12	rent	listing_1389
dtdistrict15	rent	listing_139
dtdistrict10	rent	listing_1390
dtdistrict19	sale	listing_1391
dtdistrict15	sale	listing_1392
dtdistrict04	sale	listing_1393
dtdistrict07	rent	listing_1394
dtdistrict14	rent	listing_1395
dtdistrict09	rent	listing_1396
dtdistrict02	rent	listing_1397
dtdistrict02	rent	listing_1398
dtdistrict03	sale	listing_1399
dtdistrict22	rent	listing_14
dtdistrict19	sale	listing_140
dtdistrict15	rent	listing_1400
dtdistrict10	rent	listing_1401
dtdistrict11	rent	listing_1402
dtdistrict08	rent	listing_1403
dtdistrict19	rent	listing_1404
dtdistrict19	sale	listing_1405
dtdistrict20	rent	listing_1406
dtdistrict20	rent	listing_1407
dtdistrict15	sale	listing_1408
dtdistrict11	room	listing_1409
dtdistrict02	rent	listing_141
dtdistrict15	rent	listing_1410
dtdistrict23	sale	listing_1411
dtdistrict27	rent	listing_1412
dtdistrict03	rent	listing_1413
dtdistrict15	rent	listing_1414
dtdistrict15	sale	listing_1415
dtdistrict10	rent	listing_1416
dtdistrict10	rent	listing_1417
dtdistrict09	rent	listing_1418
dtdistrict16	rent	listing_1419
dtdistrict15	rent	listing_142
dtdistrict16	rent	listing_1420
dtdistrict10	rent	listing_1421
dtdistrict09	rent	listing_1422
dtdistrict09	rent	listing_1423
dtdistrict14	rent	listing_1424
dtdistrict14	rent	listing_1425
dtdistrict16	rent	listing_1426
dtdistrict12	rent	listing_1427
dtdistrict09	rent	listing_1428
dtdistrict20	rent	listing_1429
dtdistrict03	rent	listing_143
dtdistrict27	room	listing_1430
dtdistrict08	rent	listing_1431
dtdistrict11	rent	listing_1432
dtdistrict02	rent	listing_1433
dtdistrict14	rent	listing_1434
dtdistrict10	sale	listing_1435
dtdistrict19	rent	listing_1436
dtdistrict05	rent	listing_1437
dtdistrict11	rent	listing_1438
dtdistrict22	rent	listing_1439
dtdistrict10	rent	listing_144
dtdistrict15	rent	listing_1440
dtdistrict05	rent	listing_1441
dtdistrict27	rent	listing_1442
dtdistrict25	rent	listing_1443
dtdistrict20	rent	listing_1444
dtdistrict12	rent	listing_1445
dtdistrict23	rent	listing_1446
dtdistrict09	rent	listing_1447
dtdistrict15	rent	listing_1448
dtdistrict18	rent	listing_1449
dtdistrict14	sale	listing_145
dtdistrict20	room	listing_1450
dtdistrict03	sale	listing_1451
dtdistrict05	room	listing_1452
dtdistrict15	rent	listing_1453
dtdistrict05	sale	listing_1454
dtdistrict09	rent	listing_1455
dtdistrict19	sale	listing_1456
dtdistrict22	rent	listing_1457
dtdistrict01	rent	listing_1458
dtdistrict15	rent	listing_1459
dtdistrict02	rent	listing_146
dtdistrict13	rent	listing_1460
dtdistrict10	rent	listing_1461
dtdistrict11	rent	listing_1462
dtdistrict23	rent	listing_1463
dtdistrict19	rent	listing_1464
dtdistrict03	rent	listing_1465
dtdistrict19	rent	listing_1466
dtdistrict25	sale	listing_1467
dtdistrict10	rent	listing_1468
dtdistrict12	sale	listing_1469
dtdistrict09	rent	listing_147
dtdistrict19	sale	listing_1470
dtdistrict09	rent	listing_1471
dtdistrict12	room	listing_1472
dtdistrict22	rent	listing_1473
dtdistrict02	rent	listing_1474
dtdistrict09	rent	listing_1475
dtdistrict10	rent	listing_1476
dtdistrict23	rent	listing_1477
dtdistrict16	rent	listing_1478
dtdistrict16	rent	listing_1479
dtdistrict15	sale	listing_148
dtdistrict03	room	listing_1480
dtdistrict05	rent	listing_1481
dtdistrict13	rent	listing_1482
dtdistrict14	rent	listing_1483
dtdistrict16	rent	listing_1484
dtdistrict09	rent	listing_1485
dtdistrict02	rent	listing_1486
dtdistrict08	rent	listing_1487
dtdistrict04	rent	listing_1488
dtdistrict19	room	listing_1489
dtdistrict12	room	listing_149
dtdistrict03	rent	listing_1490
dtdistrict03	rent	listing_1491
dtdistrict11	room	listing_1492
dtdistrict12	rent	listing_1493
dtdistrict09	rent	listing_1494
dtdistrict12	rent	listing_1495
dtdistrict21	rent	listing_1496
dtdistrict13	rent	listing_1497
dtdistrict08	room	listing_1498
dtdistrict05	rent	listing_1499
dtdistrict09	rent	listing_15
dtdistrict10	rent	listing_150
dtdistrict19	rent	listing_1500
dtdistrict12	sale	listing_1501
dtdistrict11	rent	listing_1502
dtdistrict12	room	listing_1503
dtdistrict14	rent	listing_1504
dtdistrict19	rent	listing_1505
dtdistrict04	rent	listing_1506
dtdistrict19	rent	listing_1507
dtdistrict12	rent	listing_1508
dtdistrict19	rent	listing_1509
dtdistrict10	rent	listing_151
dtdistrict03	rent	listing_1510
dtdistrict12	rent	listing_1511
dtdistrict19	room	listing_1512
dtdistrict10	rent	listing_1513
dtdistrict03	rent	listing_1514
dtdistrict02	rent	listing_1515
dtdistrict14	rent	listing_1516
dtdistrict19	rent	listing_1517
dtdistrict13	room	listing_1518
dtdistrict14	rent	listing_1519
dtdistrict05	rent	listing_152
dtdistrict19	rent	listing_1520
dtdistrict20	rent	listing_1521
dtdistrict03	rent	listing_1522
dtdistrict19	rent	listing_1523
dtdistrict23	rent	listing_1524
dtdistrict09	rent	listing_1525
dtdistrict15	rent	listing_1526
dtdistrict19	rent	listing_1527
dtdistrict22	room	listing_1528
dtdistrict10	rent	listing_1529
dtdistrict10	rent	listing_153
dtdistrict19	sale	listing_1530
dtdistrict10	rent	listing_1531
dtdistrict04	sale	listing_1532
dtdistrict13	rent	listing_1533
dtdistrict03	rent	listing_1534
dtdistrict14	rent	listing_1535
dtdistrict10	rent	listing_1536
dtdistrict19	rent	listing_1537
dtdistrict14	rent	listing_1538
dtdistrict02	rent	listing_1539
dtdistrict22	rent	listing_154
dtdistrict05	room	listing_1540
dtdistrict05	rent	listing_1541
dtdistrict18	rent	listing_1542
dtdistrict14	rent	listing_1543
dtdistrict03	rent	listing_1544
dtdistrict10	rent	listing_1545
dtdistrict05	room	listing_1546
dtdistrict19	rent	listing_1547
dtdistrict01	rent	listing_1548
dtdistrict19	room	listing_1549
dtdistrict03	rent	listing_155
dtdistrict05	rent	listing_1550
dtdistrict05	rent	listing_1551
dtdistrict12	room	listing_1552
dtdistrict03	room	listing_1553
dtdistrict05	rent	listing_1554
dtdistrict23	sale	listing_1555
dtdistrict22	rent	listing_1556
dtdistrict04	room	listing_1557
dtdistrict23	rent	listing_1558
dtdistrict05	room	listing_1559
dtdistrict05	rent	listing_156
dtdistrict20	rent	listing_1560
dtdistrict15	sale	listing_1561
dtdistrict12	rent	listing_1562
dtdistrict05	rent	listing_1563
dtdistrict05	room	listing_1564
dtdistrict09	rent	listing_1565
dtdistrict15	rent	listing_1566
dtdistrict08	room	listing_1567
dtdistrict16	rent	listing_1568
dtdistrict10	rent	listing_1569
dtdistrict10	rent	listing_157
dtdistrict05	rent	listing_1570
dtdistrict11	rent	listing_1571
dtdistrict14	rent	listing_1572
dtdistrict03	rent	listing_1573
dtdistrict19	room	listing_1574
dtdistrict12	rent	listing_1575
dtdistrict15	rent	listing_1576
dtdistrict02	rent	listing_1577
dtdistrict10	rent	listing_1578
dtdistrict05	room	listing_1579
dtdistrict15	rent	listing_158
dtdistrict19	rent	listing_1580
dtdistrict15	rent	listing_1581
dtdistrict03	rent	listing_1582
dtdistrict05	rent	listing_1583
dtdistrict27	room	listing_1584
dtdistrict22	rent	listing_1585
dtdistrict10	rent	listing_1586
dtdistrict19	rent	listing_1587
dtdistrict28	rent	listing_1588
dtdistrict13	rent	listing_1589
dtdistrict19	sale	listing_159
dtdistrict03	rent	listing_1590
dtdistrict19	rent	listing_1591
dtdistrict14	rent	listing_1592
dtdistrict09	rent	listing_1593
dtdistrict02	rent	listing_1594
dtdistrict05	rent	listing_1595
dtdistrict05	rent	listing_1596
dtdistrict12	room	listing_1597
dtdistrict05	rent	listing_1598
dtdistrict23	rent	listing_1599
dtdistrict10	rent	listing_16
dtdistrict25	rent	listing_160
dtdistrict13	rent	listing_1600
dtdistrict12	rent	listing_1601
dtdistrict05	rent	listing_1602
dtdistrict18	rent	listing_1603
dtdistrict12	rent	listing_1604
dtdistrict13	room	listing_1605
dtdistrict04	rent	listing_1606
dtdistrict16	rent	listing_1607
dtdistrict19	rent	listing_1608
dtdistrict19	rent	listing_1609
dtdistrict04	rent	listing_161
dtdistrict23	rent	listing_1610
dtdistrict12	rent	listing_1611
dtdistrict17	sale	listing_1612
dtdistrict15	rent	listing_1613
dtdistrict16	rent	listing_1614
dtdistrict10	rent	listing_1615
dtdistrict03	rent	listing_1616
dtdistrict10	rent	listing_1617
dtdistrict03	sale	listing_1618
dtdistrict14	rent	listing_1619
dtdistrict21	rent	listing_162
dtdistrict15	rent	listing_1620
dtdistrict13	rent	listing_1621
dtdistrict08	rent	listing_1622
dtdistrict03	rent	listing_1623
dtdistrict21	rent	listing_1624
dtdistrict16	sale	listing_1625
dtdistrict11	rent	listing_1626
dtdistrict19	room	listing_1627
dtdistrict15	rent	listing_1628
dtdistrict25	sale	listing_1629
dtdistrict10	rent	listing_163
dtdistrict21	rent	listing_1630
dtdistrict27	room	listing_1631
dtdistrict20	room	listing_1632
dtdistrict12	rent	listing_1633
dtdistrict02	rent	listing_1634
dtdistrict12	rent	listing_1635
dtdistrict19	rent	listing_1636
dtdistrict05	rent	listing_1637
dtdistrict03	rent	listing_1638
dtdistrict19	rent	listing_1639
dtdistrict09	rent	listing_164
dtdistrict02	room	listing_1640
dtdistrict20	room	listing_1641
dtdistrict15	rent	listing_1642
dtdistrict16	rent	listing_1643
dtdistrict15	rent	listing_1644
dtdistrict15	rent	listing_1645
dtdistrict19	rent	listing_1646
dtdistrict14	rent	listing_1647
dtdistrict15	rent	listing_1648
dtdistrict12	rent	listing_1649
dtdistrict10	rent	listing_165
dtdistrict13	rent	listing_1650
dtdistrict19	room	listing_1651
dtdistrict14	rent	listing_1652
dtdistrict09	rent	listing_1653
dtdistrict09	rent	listing_1654
dtdistrict09	room	listing_1655
dtdistrict20	rent	listing_1656
dtdistrict09	rent	listing_1657
dtdistrict08	rent	listing_1658
dtdistrict15	sale	listing_1659
dtdistrict12	rent	listing_166
dtdistrict19	sale	listing_1660
dtdistrict05	rent	listing_1661
dtdistrict11	rent	listing_1662
dtdistrict05	rent	listing_1663
dtdistrict14	rent	listing_1664
dtdistrict15	rent	listing_1665
dtdistrict05	rent	listing_1666
dtdistrict09	rent	listing_1667
dtdistrict10	rent	listing_1668
dtdistrict12	rent	listing_1669
dtdistrict03	rent	listing_167
dtdistrict02	rent	listing_1670
dtdistrict15	rent	listing_1671
dtdistrict23	rent	listing_1672
dtdistrict19	room	listing_1673
dtdistrict08	room	listing_1674
dtdistrict18	room	listing_1675
dtdistrict10	rent	listing_1676
dtdistrict23	rent	listing_1677
dtdistrict11	rent	listing_1678
dtdistrict10	rent	listing_1679
dtdistrict09	rent	listing_168
dtdistrict19	rent	listing_1680
dtdistrict09	rent	listing_1681
dtdistrict11	rent	listing_1682
dtdistrict05	room	listing_1683
dtdistrict05	rent	listing_1684
dtdistrict11	room	listing_1685
dtdistrict03	rent	listing_1686
dtdistrict16	sale	listing_1687
dtdistrict16	rent	listing_1688
dtdistrict12	rent	listing_1689
dtdistrict21	rent	listing_169
dtdistrict16	rent	listing_1690
dtdistrict03	rent	listing_1691
dtdistrict16	rent	listing_1692
dtdistrict21	room	listing_1693
dtdistrict15	rent	listing_1694
dtdistrict15	rent	listing_1695
dtdistrict15	rent	listing_1696
dtdistrict14	rent	listing_1697
dtdistrict09	rent	listing_1698
dtdistrict11	rent	listing_1699
dtdistrict03	rent	listing_17
dtdistrict07	rent	listing_170
dtdistrict03	room	listing_1700
dtdistrict09	rent	listing_1701
dtdistrict22	room	listing_1702
dtdistrict10	rent	listing_1703
dtdistrict10	rent	listing_1704
dtdistrict15	rent	listing_1705
dtdistrict11	room	listing_1706
dtdistrict15	rent	listing_1707
dtdistrict10	rent	listing_1708
dtdistrict19	sale	listing_1709
dtdistrict15	rent	listing_171
dtdistrict16	rent	listing_1710
dtdistrict19	rent	listing_1711
dtdistrict12	rent	listing_1712
dtdistrict05	room	listing_1713
dtdistrict19	sale	listing_1714
dtdistrict07	rent	listing_1715
dtdistrict05	rent	listing_1716
dtdistrict16	rent	listing_1717
dtdistrict15	rent	listing_1718
dtdistrict05	rent	listing_1719
dtdistrict14	sale	listing_172
dtdistrict19	rent	listing_1720
dtdistrict28	rent	listing_1721
dtdistrict12	room	listing_1722
dtdistrict18	room	listing_1723
dtdistrict20	rent	listing_1724
dtdistrict10	rent	listing_1725
dtdistrict03	rent	listing_1726
dtdistrict09	rent	listing_1727
dtdistrict21	rent	listing_1728
dtdistrict10	rent	listing_1729
dtdistrict15	rent	listing_173
dtdistrict09	rent	listing_1730
dtdistrict22	rent	listing_1731
dtdistrict10	rent	listing_1732
dtdistrict19	rent	listing_1733
dtdistrict07	rent	listing_1734
dtdistrict18	room	listing_1735
dtdistrict05	room	listing_1736
dtdistrict27	rent	listing_1737
dtdistrict15	rent	listing_1738
dtdistrict15	rent	listing_1739
dtdistrict10	rent	listing_174
dtdistrict19	sale	listing_1740
dtdistrict14	rent	listing_1741
dtdistrict04	rent	listing_1742
dtdistrict12	rent	listing_1743
dtdistrict10	rent	listing_1744
dtdistrict19	sale	listing_1745
dtdistrict10	rent	listing_1746
dtdistrict15	rent	listing_1747
dtdistrict08	rent	listing_1748
dtdistrict14	rent	listing_1749
dtdistrict13	rent	listing_175
dtdistrict12	room	listing_1750
dtdistrict05	rent	listing_1751
dtdistrict11	rent	listing_1752
dtdistrict10	rent	listing_1753
dtdistrict03	rent	listing_1754
dtdistrict14	rent	listing_1755
dtdistrict23	rent	listing_1756
dtdistrict20	sale	listing_1757
dtdistrict09	rent	listing_1758
dtdistrict15	rent	listing_1759
dtdistrict10	rent	listing_176
dtdistrict19	room	listing_1760
dtdistrict02	rent	listing_1761
dtdistrict10	rent	listing_1762
dtdistrict14	rent	listing_1763
dtdistrict04	room	listing_1764
dtdistrict07	sale	listing_1765
dtdistrict23	room	listing_1766
dtdistrict02	rent	listing_1767
dtdistrict19	rent	listing_1768
dtdistrict22	sale	listing_1769
dtdistrict22	rent	listing_177
dtdistrict05	room	listing_1770
dtdistrict19	sale	listing_1771
dtdistrict04	sale	listing_1772
dtdistrict03	rent	listing_1773
dtdistrict09	rent	listing_1774
dtdistrict20	room	listing_1775
dtdistrict19	rent	listing_1776
dtdistrict09	rent	listing_1777
dtdistrict08	rent	listing_1778
dtdistrict08	rent	listing_1779
dtdistrict15	rent	listing_178
dtdistrict12	room	listing_1780
dtdistrict14	rent	listing_1781
dtdistrict19	room	listing_1782
dtdistrict09	rent	listing_1783
dtdistrict13	rent	listing_1784
dtdistrict10	sale	listing_1785
dtdistrict28	rent	listing_1786
dtdistrict09	rent	listing_1787
dtdistrict23	rent	listing_1788
dtdistrict19	rent	listing_1789
dtdistrict03	rent	listing_179
dtdistrict18	rent	listing_1790
dtdistrict04	room	listing_1791
dtdistrict09	rent	listing_1792
dtdistrict19	rent	listing_1793
dtdistrict01	room	listing_1794
dtdistrict04	sale	listing_1795
dtdistrict09	rent	listing_1796
dtdistrict09	rent	listing_1797
dtdistrict12	rent	listing_1798
dtdistrict03	rent	listing_1799
dtdistrict05	rent	listing_18
dtdistrict09	rent	listing_180
dtdistrict05	rent	listing_1800
dtdistrict21	rent	listing_1801
dtdistrict20	rent	listing_1802
dtdistrict03	sale	listing_1803
dtdistrict12	rent	listing_1804
dtdistrict01	rent	listing_1805
dtdistrict11	rent	listing_1806
dtdistrict13	sale	listing_1807
dtdistrict10	rent	listing_1808
dtdistrict03	rent	listing_1809
dtdistrict03	rent	listing_181
dtdistrict15	rent	listing_1810
dtdistrict09	rent	listing_1811
dtdistrict19	rent	listing_1812
dtdistrict21	sale	listing_1813
dtdistrict23	rent	listing_1814
dtdistrict05	rent	listing_1815
dtdistrict04	rent	listing_1816
dtdistrict10	sale	listing_1817
dtdistrict18	rent	listing_1818
dtdistrict14	sale	listing_1819
dtdistrict14	rent	listing_182
dtdistrict04	sale	listing_1820
dtdistrict09	rent	listing_1821
dtdistrict15	sale	listing_1822
dtdistrict03	sale	listing_1823
dtdistrict22	rent	listing_1824
dtdistrict23	rent	listing_1825
dtdistrict16	rent	listing_1826
dtdistrict28	rent	listing_1827
dtdistrict04	rent	listing_1828
dtdistrict05	sale	listing_1829
dtdistrict04	rent	listing_183
dtdistrict14	rent	listing_1830
dtdistrict15	rent	listing_1831
dtdistrict05	rent	listing_1832
dtdistrict11	rent	listing_1833
dtdistrict09	rent	listing_1834
dtdistrict19	rent	listing_1835
dtdistrict10	rent	listing_1836
dtdistrict16	rent	listing_1837
dtdistrict19	rent	listing_1838
dtdistrict19	rent	listing_1839
dtdistrict02	rent	listing_184
dtdistrict19	rent	listing_1840
dtdistrict19	rent	listing_1841
dtdistrict22	rent	listing_1842
dtdistrict14	rent	listing_1843
dtdistrict19	rent	listing_1844
dtdistrict20	rent	listing_1845
dtdistrict18	sale	listing_1846
dtdistrict14	rent	listing_1847
dtdistrict10	rent	listing_1848
dtdistrict21	rent	listing_1849
dtdistrict10	rent	listing_185
dtdistrict08	rent	listing_1850
dtdistrict22	rent	listing_1851
dtdistrict05	rent	listing_1852
dtdistrict05	rent	listing_1853
dtdistrict12	rent	listing_1854
dtdistrict19	rent	listing_1855
dtdistrict12	room	listing_1856
dtdistrict20	rent	listing_1857
dtdistrict16	rent	listing_1858
dtdistrict15	rent	listing_1859
dtdistrict14	sale	listing_186
dtdistrict21	rent	listing_1860
dtdistrict18	room	listing_1861
dtdistrict22	rent	listing_1862
dtdistrict19	room	listing_1863
dtdistrict11	rent	listing_1864
dtdistrict10	rent	listing_1865
dtdistrict07	rent	listing_1866
dtdistrict09	rent	listing_1867
dtdistrict05	rent	listing_1868
dtdistrict05	rent	listing_1869
dtdistrict03	rent	listing_187
dtdistrict14	rent	listing_1870
dtdistrict23	rent	listing_1871
dtdistrict11	rent	listing_1872
dtdistrict19	room	listing_1873
dtdistrict20	room	listing_1874
dtdistrict16	rent	listing_1875
dtdistrict10	rent	listing_1876
dtdistrict02	rent	listing_1877
dtdistrict05	sale	listing_1878
dtdistrict04	sale	listing_1879
dtdistrict19	rent	listing_188
dtdistrict12	rent	listing_1880
dtdistrict14	sale	listing_1881
dtdistrict05	sale	listing_1882
dtdistrict15	sale	listing_1883
dtdistrict20	rent	listing_1884
dtdistrict23	rent	listing_1885
dtdistrict04	sale	listing_1886
dtdistrict09	rent	listing_1887
dtdistrict18	sale	listing_1888
dtdistrict22	sale	listing_1889
dtdistrict15	rent	listing_189
dtdistrict19	rent	listing_1890
dtdistrict03	rent	listing_1891
dtdistrict19	sale	listing_1892
dtdistrict10	sale	listing_1893
dtdistrict15	rent	listing_1894
dtdistrict22	room	listing_1895
dtdistrict12	rent	listing_1896
dtdistrict09	rent	listing_1897
dtdistrict23	rent	listing_1898
dtdistrict25	room	listing_1899
dtdistrict22	rent	listing_19
dtdistrict16	rent	listing_190
dtdistrict19	room	listing_1900
dtdistrict15	rent	listing_1901
dtdistrict09	rent	listing_1902
dtdistrict20	room	listing_1903
dtdistrict15	rent	listing_1904
dtdistrict15	rent	listing_1905
dtdistrict09	rent	listing_1906
dtdistrict11	rent	listing_1907
dtdistrict04	rent	listing_1908
dtdistrict12	rent	listing_1909
dtdistrict12	rent	listing_191
dtdistrict05	rent	listing_1910
dtdistrict01	rent	listing_1911
dtdistrict09	rent	listing_1912
dtdistrict05	rent	listing_1913
dtdistrict09	rent	listing_1914
dtdistrict15	sale	listing_1915
dtdistrict23	rent	listing_1916
dtdistrict25	sale	listing_1917
dtdistrict15	rent	listing_1918
dtdistrict14	rent	listing_1919
dtdistrict23	room	listing_192
dtdistrict10	rent	listing_1920
dtdistrict05	room	listing_1921
dtdistrict03	rent	listing_1922
dtdistrict03	rent	listing_1923
dtdistrict19	sale	listing_1924
dtdistrict10	sale	listing_1925
dtdistrict28	room	listing_1926
dtdistrict15	rent	listing_1927
dtdistrict11	rent	listing_1928
dtdistrict22	rent	listing_1929
dtdistrict19	rent	listing_193
dtdistrict03	rent	listing_1930
dtdistrict10	sale	listing_1931
dtdistrict19	rent	listing_1932
dtdistrict09	rent	listing_1933
dtdistrict03	rent	listing_1934
dtdistrict09	rent	listing_1935
dtdistrict09	rent	listing_1936
dtdistrict14	sale	listing_1937
dtdistrict08	rent	listing_1938
dtdistrict14	rent	listing_1939
dtdistrict14	rent	listing_194
dtdistrict12	sale	listing_1940
dtdistrict08	sale	listing_1941
dtdistrict05	sale	listing_1942
dtdistrict12	sale	listing_1943
dtdistrict10	rent	listing_1944
dtdistrict03	room	listing_1945
dtdistrict14	rent	listing_1946
dtdistrict23	room	listing_1947
dtdistrict03	rent	listing_1948
dtdistrict12	rent	listing_1949
dtdistrict19	rent	listing_195
dtdistrict15	sale	listing_1950
dtdistrict27	rent	listing_1951
dtdistrict15	sale	listing_1952
dtdistrict10	room	listing_1953
dtdistrict08	rent	listing_1954
dtdistrict16	rent	listing_1955
dtdistrict12	rent	listing_1956
dtdistrict14	rent	listing_1957
dtdistrict19	sale	listing_1958
dtdistrict04	sale	listing_1959
dtdistrict14	rent	listing_196
dtdistrict11	rent	listing_1960
dtdistrict20	rent	listing_1961
dtdistrict12	sale	listing_1962
dtdistrict15	rent	listing_1963
dtdistrict08	sale	listing_1964
dtdistrict21	rent	listing_1965
dtdistrict03	rent	listing_1966
dtdistrict03	rent	listing_1967
dtdistrict14	rent	listing_1968
dtdistrict19	sale	listing_1969
dtdistrict10	rent	listing_197
dtdistrict09	rent	listing_1970
dtdistrict12	rent	listing_1971
dtdistrict12	rent	listing_1972
dtdistrict14	room	listing_1973
dtdistrict15	rent	listing_1974
dtdistrict05	rent	listing_1975
dtdistrict02	room	listing_1976
dtdistrict14	rent	listing_1977
dtdistrict02	room	listing_1978
dtdistrict14	rent	listing_1979
dtdistrict18	rent	listing_198
dtdistrict11	rent	listing_1980
dtdistrict09	rent	listing_1981
dtdistrict09	rent	listing_1982
dtdistrict03	room	listing_1983
dtdistrict08	room	listing_1984
dtdistrict08	sale	listing_1985
dtdistrict12	rent	listing_1986
dtdistrict05	sale	listing_1987
dtdistrict12	room	listing_1988
dtdistrict10	rent	listing_1989
dtdistrict13	rent	listing_199
dtdistrict05	sale	listing_1990
dtdistrict08	room	listing_1991
dtdistrict09	rent	listing_1992
dtdistrict18	room	listing_1993
dtdistrict18	room	listing_1994
dtdistrict14	room	listing_1995
dtdistrict15	sale	listing_1996
dtdistrict09	rent	listing_1997
dtdistrict07	rent	listing_1998
dtdistrict19	rent	listing_1999
dtdistrict10	rent	listing_2
dtdistrict16	rent	listing_20
dtdistrict21	sale	listing_200
dtdistrict05	rent	listing_2000
dtdistrict10	rent	listing_2001
dtdistrict19	sale	listing_2002
dtdistrict03	rent	listing_2003
dtdistrict09	rent	listing_2004
dtdistrict03	rent	listing_2005
dtdistrict20	room	listing_2006
dtdistrict09	rent	listing_2007
dtdistrict03	rent	listing_2008
dtdistrict19	room	listing_2009
dtdistrict18	rent	listing_201
dtdistrict15	rent	listing_2010
dtdistrict15	rent	listing_2011
dtdistrict03	rent	listing_2012
dtdistrict14	rent	listing_2013
dtdistrict12	rent	listing_2014
dtdistrict14	room	listing_2015
dtdistrict20	room	listing_2016
dtdistrict04	rent	listing_2017
dtdistrict09	rent	listing_2018
dtdistrict08	rent	listing_2019
dtdistrict05	sale	listing_202
dtdistrict19	sale	listing_2020
dtdistrict10	rent	listing_2021
dtdistrict03	rent	listing_2022
dtdistrict03	rent	listing_2023
dtdistrict09	rent	listing_2024
dtdistrict13	sale	listing_2025
dtdistrict08	rent	listing_2026
dtdistrict11	rent	listing_2027
dtdistrict15	sale	listing_2028
dtdistrict08	sale	listing_2029
dtdistrict18	rent	listing_203
dtdistrict15	rent	listing_2030
dtdistrict09	room	listing_2031
dtdistrict19	sale	listing_2032
dtdistrict09	rent	listing_2033
dtdistrict19	room	listing_2034
dtdistrict08	sale	listing_2035
dtdistrict04	room	listing_2036
dtdistrict01	rent	listing_2037
dtdistrict07	rent	listing_2038
dtdistrict09	rent	listing_2039
dtdistrict08	rent	listing_204
dtdistrict21	rent	listing_2040
dtdistrict18	sale	listing_2041
dtdistrict14	room	listing_2042
dtdistrict10	rent	listing_2043
dtdistrict03	rent	listing_2044
dtdistrict14	rent	listing_2045
dtdistrict28	room	listing_2046
dtdistrict10	rent	listing_2047
dtdistrict10	rent	listing_2048
dtdistrict08	rent	listing_2049
dtdistrict05	rent	listing_205
dtdistrict21	room	listing_2050
dtdistrict10	rent	listing_2051
dtdistrict07	rent	listing_2052
dtdistrict11	rent	listing_2053
dtdistrict09	rent	listing_2054
dtdistrict03	rent	listing_2055
dtdistrict14	sale	listing_2056
dtdistrict12	rent	listing_2057
dtdistrict10	rent	listing_2058
dtdistrict04	rent	listing_2059
dtdistrict15	rent	listing_206
dtdistrict04	sale	listing_2060
dtdistrict16	rent	listing_2061
dtdistrict16	rent	listing_2062
dtdistrict14	sale	listing_2063
dtdistrict07	sale	listing_2064
dtdistrict03	sale	listing_2065
dtdistrict05	rent	listing_2066
dtdistrict12	rent	listing_2067
dtdistrict19	sale	listing_2068
dtdistrict16	rent	listing_2069
dtdistrict05	rent	listing_207
dtdistrict12	sale	listing_2070
dtdistrict04	rent	listing_2071
dtdistrict14	rent	listing_2072
dtdistrict02	rent	listing_2073
dtdistrict17	rent	listing_2074
dtdistrict19	rent	listing_2075
dtdistrict20	rent	listing_2076
dtdistrict04	sale	listing_2077
dtdistrict15	sale	listing_2078
dtdistrict22	rent	listing_2079
dtdistrict14	rent	listing_208
dtdistrict09	rent	listing_2080
dtdistrict14	rent	listing_2081
dtdistrict19	sale	listing_2082
dtdistrict19	rent	listing_2083
dtdistrict20	room	listing_2084
dtdistrict19	rent	listing_2085
dtdistrict10	sale	listing_2086
dtdistrict19	sale	listing_2087
dtdistrict12	rent	listing_2088
dtdistrict08	room	listing_2089
dtdistrict22	room	listing_209
dtdistrict09	rent	listing_2090
dtdistrict28	rent	listing_2091
dtdistrict12	rent	listing_2092
dtdistrict09	rent	listing_2093
dtdistrict28	sale	listing_2094
dtdistrict09	rent	listing_2095
dtdistrict15	rent	listing_2096
dtdistrict03	rent	listing_2097
dtdistrict10	rent	listing_2098
dtdistrict22	rent	listing_2099
dtdistrict05	rent	listing_21
dtdistrict05	sale	listing_210
dtdistrict02	rent	listing_2100
dtdistrict18	rent	listing_2101
dtdistrict19	room	listing_2102
dtdistrict19	room	listing_2103
dtdistrict16	rent	listing_2104
dtdistrict28	sale	listing_2105
dtdistrict03	rent	listing_2106
dtdistrict03	rent	listing_2107
dtdistrict09	rent	listing_2108
dtdistrict15	rent	listing_2109
dtdistrict14	rent	listing_211
dtdistrict10	rent	listing_2110
dtdistrict15	rent	listing_2111
dtdistrict19	rent	listing_2112
dtdistrict15	rent	listing_2113
dtdistrict02	rent	listing_2114
dtdistrict16	rent	listing_2115
dtdistrict05	sale	listing_2116
dtdistrict09	rent	listing_2117
dtdistrict08	rent	listing_2118
dtdistrict19	rent	listing_2119
dtdistrict12	rent	listing_212
dtdistrict18	sale	listing_2120
dtdistrict17	rent	listing_2121
dtdistrict12	rent	listing_2122
dtdistrict05	room	listing_2123
dtdistrict19	rent	listing_2124
dtdistrict09	rent	listing_2125
dtdistrict15	rent	listing_2126
dtdistrict23	rent	listing_2127
dtdistrict14	rent	listing_2128
dtdistrict18	rent	listing_2129
dtdistrict07	rent	listing_213
dtdistrict21	rent	listing_2130
dtdistrict19	rent	listing_2131
dtdistrict02	rent	listing_2132
dtdistrict20	rent	listing_2133
dtdistrict02	rent	listing_2134
dtdistrict27	rent	listing_2135
dtdistrict15	rent	listing_2136
dtdistrict04	sale	listing_2137
dtdistrict18	rent	listing_2138
dtdistrict19	rent	listing_2139
dtdistrict20	rent	listing_214
dtdistrict09	rent	listing_2140
dtdistrict02	rent	listing_2141
dtdistrict10	rent	listing_2142
dtdistrict09	rent	listing_2143
dtdistrict10	rent	listing_2144
dtdistrict15	rent	listing_2145
dtdistrict10	rent	listing_2146
dtdistrict04	rent	listing_2147
dtdistrict13	room	listing_2148
dtdistrict19	sale	listing_2149
dtdistrict19	rent	listing_215
dtdistrict19	sale	listing_2150
dtdistrict12	rent	listing_2151
dtdistrict02	room	listing_2152
dtdistrict03	rent	listing_2153
dtdistrict04	room	listing_2154
dtdistrict23	room	listing_2155
dtdistrict19	sale	listing_2156
dtdistrict05	rent	listing_2157
dtdistrict15	rent	listing_2158
dtdistrict25	rent	listing_2159
dtdistrict12	sale	listing_216
dtdistrict02	rent	listing_2160
dtdistrict02	rent	listing_2161
dtdistrict10	rent	listing_2162
dtdistrict03	rent	listing_2163
dtdistrict11	rent	listing_2164
dtdistrict09	rent	listing_2165
dtdistrict03	rent	listing_2166
dtdistrict12	rent	listing_2167
dtdistrict10	rent	listing_2168
dtdistrict15	rent	listing_2169
dtdistrict09	rent	listing_217
dtdistrict19	rent	listing_2170
dtdistrict04	rent	listing_2171
dtdistrict09	rent	listing_2172
dtdistrict10	rent	listing_2173
dtdistrict20	rent	listing_2174
dtdistrict03	rent	listing_2175
dtdistrict27	rent	listing_2176
dtdistrict03	rent	listing_2177
dtdistrict22	rent	listing_2178
dtdistrict03	room	listing_2179
dtdistrict23	rent	listing_218
dtdistrict14	rent	listing_2180
dtdistrict14	rent	listing_2181
dtdistrict19	sale	listing_2182
dtdistrict05	sale	listing_2183
dtdistrict05	room	listing_2184
dtdistrict09	rent	listing_2185
dtdistrict15	rent	listing_2186
dtdistrict27	room	listing_2187
dtdistrict15	room	listing_2188
dtdistrict23	room	listing_2189
dtdistrict05	room	listing_219
dtdistrict16	rent	listing_2190
dtdistrict11	rent	listing_2191
dtdistrict19	rent	listing_2192
dtdistrict19	room	listing_2193
dtdistrict03	rent	listing_2194
dtdistrict11	rent	listing_2195
dtdistrict12	rent	listing_2196
dtdistrict10	rent	listing_2197
dtdistrict03	rent	listing_2198
dtdistrict14	rent	listing_2199
dtdistrict05	rent	listing_22
dtdistrict05	rent	listing_220
dtdistrict10	rent	listing_2200
dtdistrict19	rent	listing_2201
dtdistrict19	rent	listing_2202
dtdistrict22	rent	listing_2203
dtdistrict14	rent	listing_2204
dtdistrict12	rent	listing_2205
dtdistrict09	rent	listing_2206
dtdistrict03	rent	listing_2207
dtdistrict25	sale	listing_2208
dtdistrict10	rent	listing_2209
dtdistrict28	rent	listing_221
dtdistrict10	rent	listing_2210
dtdistrict09	rent	listing_2211
dtdistrict18	room	listing_2212
dtdistrict10	rent	listing_2213
dtdistrict19	rent	listing_2214
dtdistrict03	rent	listing_2215
dtdistrict09	rent	listing_2216
dtdistrict14	rent	listing_2217
dtdistrict03	rent	listing_2218
dtdistrict10	rent	listing_2219
dtdistrict14	rent	listing_222
dtdistrict10	rent	listing_2220
dtdistrict03	rent	listing_2221
dtdistrict15	rent	listing_2222
dtdistrict04	room	listing_2223
dtdistrict23	rent	listing_2224
dtdistrict12	room	listing_2225
dtdistrict09	rent	listing_2226
dtdistrict14	rent	listing_2227
dtdistrict04	sale	listing_2228
dtdistrict09	rent	listing_2229
dtdistrict19	rent	listing_223
dtdistrict15	rent	listing_2230
dtdistrict15	rent	listing_2231
dtdistrict10	rent	listing_2232
dtdistrict11	rent	listing_2233
dtdistrict14	rent	listing_2234
dtdistrict14	sale	listing_2235
dtdistrict10	sale	listing_2236
dtdistrict16	rent	listing_2237
dtdistrict08	rent	listing_2238
dtdistrict10	rent	listing_2239
dtdistrict08	rent	listing_224
dtdistrict19	rent	listing_2240
dtdistrict09	rent	listing_2241
dtdistrict14	rent	listing_2242
dtdistrict14	rent	listing_2243
dtdistrict16	rent	listing_2244
dtdistrict10	rent	listing_2245
dtdistrict15	sale	listing_2246
dtdistrict27	room	listing_2247
dtdistrict04	rent	listing_2248
dtdistrict09	rent	listing_2249
dtdistrict27	rent	listing_225
dtdistrict09	rent	listing_2250
dtdistrict15	rent	listing_2251
dtdistrict11	rent	listing_2252
dtdistrict03	sale	listing_2253
dtdistrict08	rent	listing_2254
dtdistrict12	rent	listing_2255
dtdistrict03	rent	listing_2256
dtdistrict11	rent	listing_2257
dtdistrict28	room	listing_2258
dtdistrict05	room	listing_2259
dtdistrict07	rent	listing_226
dtdistrict18	sale	listing_2260
dtdistrict18	room	listing_2261
dtdistrict04	room	listing_2262
dtdistrict20	room	listing_2263
dtdistrict09	rent	listing_2264
dtdistrict08	room	listing_2265
dtdistrict05	rent	listing_2266
dtdistrict12	rent	listing_2267
dtdistrict01	rent	listing_2268
dtdistrict03	rent	listing_2269
dtdistrict14	rent	listing_227
dtdistrict03	rent	listing_2270
dtdistrict15	sale	listing_2271
dtdistrict17	sale	listing_2272
dtdistrict15	sale	listing_2273
dtdistrict14	sale	listing_2274
dtdistrict02	room	listing_2275
dtdistrict09	rent	listing_2276
dtdistrict11	sale	listing_2277
dtdistrict14	sale	listing_2278
dtdistrict19	sale	listing_2279
dtdistrict09	rent	listing_228
dtdistrict10	rent	listing_2280
dtdistrict23	rent	listing_2281
dtdistrict10	rent	listing_2282
dtdistrict15	rent	listing_2283
dtdistrict09	rent	listing_2284
dtdistrict08	sale	listing_2285
dtdistrict11	rent	listing_2286
dtdistrict21	rent	listing_2287
dtdistrict18	sale	listing_2288
dtdistrict01	room	listing_2289
dtdistrict19	rent	listing_229
dtdistrict12	rent	listing_2290
dtdistrict15	rent	listing_2291
dtdistrict05	sale	listing_2292
dtdistrict11	rent	listing_2293
dtdistrict19	room	listing_2294
dtdistrict03	rent	listing_2295
dtdistrict05	rent	listing_2296
dtdistrict09	rent	listing_2297
dtdistrict05	sale	listing_2298
dtdistrict19	room	listing_2299
dtdistrict09	rent	listing_23
dtdistrict15	rent	listing_230
dtdistrict19	room	listing_2300
dtdistrict11	sale	listing_2301
dtdistrict07	rent	listing_2302
dtdistrict10	sale	listing_2303
dtdistrict15	rent	listing_2304
dtdistrict19	room	listing_2305
dtdistrict19	rent	listing_2306
dtdistrict05	sale	listing_2307
dtdistrict11	rent	listing_2308
dtdistrict07	rent	listing_2309
dtdistrict22	rent	listing_231
dtdistrict16	room	listing_2310
dtdistrict20	rent	listing_2311
dtdistrict15	rent	listing_2312
dtdistrict10	room	listing_2313
dtdistrict10	rent	listing_2314
dtdistrict09	rent	listing_2315
dtdistrict07	rent	listing_2316
dtdistrict14	rent	listing_2317
dtdistrict09	rent	listing_2318
dtdistrict09	rent	listing_2319
dtdistrict15	rent	listing_232
dtdistrict15	sale	listing_2320
dtdistrict09	room	listing_2321
dtdistrict01	rent	listing_2322
dtdistrict19	room	listing_2323
dtdistrict14	sale	listing_2324
dtdistrict18	room	listing_2325
dtdistrict03	rent	listing_2326
dtdistrict09	rent	listing_2327
dtdistrict10	room	listing_2328
dtdistrict02	rent	listing_2329
dtdistrict21	rent	listing_233
dtdistrict04	rent	listing_2330
dtdistrict11	rent	listing_2331
dtdistrict05	rent	listing_2332
dtdistrict19	rent	listing_2333
dtdistrict19	rent	listing_2334
dtdistrict20	rent	listing_2335
dtdistrict18	sale	listing_2336
dtdistrict03	rent	listing_2337
dtdistrict15	rent	listing_2338
dtdistrict14	sale	listing_2339
dtdistrict22	rent	listing_234
dtdistrict15	rent	listing_2340
dtdistrict09	rent	listing_2341
dtdistrict09	rent	listing_2342
dtdistrict04	sale	listing_2343
dtdistrict14	rent	listing_2344
dtdistrict01	room	listing_2345
dtdistrict03	rent	listing_2346
dtdistrict14	sale	listing_2347
dtdistrict11	rent	listing_2348
dtdistrict02	rent	listing_2349
dtdistrict12	room	listing_235
dtdistrict12	rent	listing_2350
dtdistrict14	room	listing_2351
dtdistrict09	rent	listing_2352
dtdistrict05	room	listing_2353
dtdistrict10	rent	listing_2354
dtdistrict20	rent	listing_2355
dtdistrict14	rent	listing_2356
dtdistrict15	rent	listing_2357
dtdistrict09	rent	listing_2358
dtdistrict09	rent	listing_2359
dtdistrict23	rent	listing_236
dtdistrict10	rent	listing_2360
dtdistrict15	sale	listing_2361
dtdistrict05	rent	listing_2362
dtdistrict03	rent	listing_2363
dtdistrict21	room	listing_2364
dtdistrict09	rent	listing_2365
dtdistrict10	rent	listing_2366
dtdistrict22	rent	listing_2367
dtdistrict20	room	listing_2368
dtdistrict14	sale	listing_2369
dtdistrict09	rent	listing_237
dtdistrict03	rent	listing_2370
dtdistrict11	rent	listing_2371
dtdistrict22	room	listing_2372
dtdistrict15	room	listing_2373
dtdistrict07	rent	listing_2374
dtdistrict05	rent	listing_2375
dtdistrict01	rent	listing_2376
dtdistrict15	sale	listing_2377
dtdistrict12	rent	listing_2378
dtdistrict10	rent	listing_2379
dtdistrict20	rent	listing_238
dtdistrict14	rent	listing_2380
dtdistrict18	rent	listing_2381
dtdistrict10	rent	listing_2382
dtdistrict19	rent	listing_2383
dtdistrict19	sale	listing_2384
dtdistrict19	rent	listing_2385
dtdistrict12	rent	listing_2386
dtdistrict12	rent	listing_2387
dtdistrict12	rent	listing_2388
dtdistrict16	rent	listing_2389
dtdistrict10	rent	listing_239
dtdistrict09	rent	listing_2390
dtdistrict19	rent	listing_2391
dtdistrict15	rent	listing_2392
dtdistrict13	room	listing_2393
dtdistrict19	sale	listing_2394
dtdistrict22	rent	listing_2395
dtdistrict20	rent	listing_2396
dtdistrict02	rent	listing_2397
dtdistrict19	rent	listing_2398
dtdistrict09	rent	listing_2399
dtdistrict19	sale	listing_24
dtdistrict21	rent	listing_240
dtdistrict20	rent	listing_2400
dtdistrict04	rent	listing_2401
dtdistrict03	room	listing_2402
dtdistrict14	rent	listing_2403
dtdistrict09	rent	listing_2404
dtdistrict14	sale	listing_2405
dtdistrict10	rent	listing_2406
dtdistrict05	rent	listing_2407
dtdistrict12	room	listing_2408
dtdistrict23	rent	listing_2409
dtdistrict14	rent	listing_241
dtdistrict12	room	listing_2410
dtdistrict15	rent	listing_2411
dtdistrict17	rent	listing_2412
dtdistrict07	rent	listing_2413
dtdistrict03	rent	listing_2414
dtdistrict19	sale	listing_2415
dtdistrict19	sale	listing_2416
dtdistrict19	rent	listing_2417
dtdistrict12	rent	listing_2418
dtdistrict27	rent	listing_2419
dtdistrict15	room	listing_242
dtdistrict11	rent	listing_2420
dtdistrict15	rent	listing_2421
dtdistrict02	rent	listing_2422
dtdistrict27	room	listing_2423
dtdistrict04	room	listing_2424
dtdistrict03	rent	listing_2425
dtdistrict10	sale	listing_2426
dtdistrict01	room	listing_2427
dtdistrict05	rent	listing_2428
dtdistrict23	rent	listing_2429
dtdistrict09	rent	listing_243
dtdistrict18	sale	listing_2430
dtdistrict23	rent	listing_2431
dtdistrict13	rent	listing_2432
dtdistrict22	rent	listing_2433
dtdistrict27	rent	listing_2434
dtdistrict15	rent	listing_2435
dtdistrict23	rent	listing_2436
dtdistrict14	rent	listing_2437
dtdistrict19	sale	listing_2438
dtdistrict05	rent	listing_2439
dtdistrict20	rent	listing_244
dtdistrict10	rent	listing_2440
dtdistrict09	rent	listing_2441
dtdistrict15	rent	listing_2442
dtdistrict02	rent	listing_2443
dtdistrict21	rent	listing_2444
dtdistrict21	rent	listing_2445
dtdistrict20	rent	listing_2446
dtdistrict19	room	listing_2447
dtdistrict15	rent	listing_2448
dtdistrict05	rent	listing_2449
dtdistrict19	sale	listing_245
dtdistrict05	room	listing_2450
dtdistrict01	rent	listing_2451
dtdistrict15	room	listing_2452
dtdistrict22	sale	listing_2453
dtdistrict19	rent	listing_2454
dtdistrict07	rent	listing_2455
dtdistrict05	rent	listing_2456
dtdistrict09	rent	listing_2457
dtdistrict19	sale	listing_2458
dtdistrict19	rent	listing_2459
dtdistrict02	rent	listing_246
dtdistrict03	rent	listing_2460
dtdistrict03	rent	listing_2461
dtdistrict19	rent	listing_2462
dtdistrict18	rent	listing_2463
dtdistrict22	rent	listing_2464
dtdistrict14	rent	listing_2465
dtdistrict14	rent	listing_2466
dtdistrict16	rent	listing_2467
dtdistrict09	rent	listing_2468
dtdistrict01	rent	listing_2469
dtdistrict14	rent	listing_247
dtdistrict02	rent	listing_2470
dtdistrict20	rent	listing_2471
dtdistrict27	rent	listing_2472
dtdistrict14	rent	listing_2473
dtdistrict27	rent	listing_2474
dtdistrict12	rent	listing_2475
dtdistrict05	rent	listing_2476
dtdistrict05	rent	listing_2477
dtdistrict28	sale	listing_2478
dtdistrict10	rent	listing_2479
dtdistrict18	room	listing_248
dtdistrict19	rent	listing_2480
dtdistrict19	sale	listing_2481
dtdistrict20	rent	listing_2482
dtdistrict04	rent	listing_2483
dtdistrict05	rent	listing_2484
dtdistrict03	rent	listing_2485
dtdistrict03	rent	listing_2486
dtdistrict05	rent	listing_2487
dtdistrict15	rent	listing_2488
dtdistrict05	rent	listing_2489
dtdistrict09	rent	listing_249
dtdistrict09	rent	listing_2490
dtdistrict09	rent	listing_2491
dtdistrict16	rent	listing_2492
dtdistrict28	rent	listing_2493
dtdistrict23	rent	listing_2494
dtdistrict15	room	listing_2495
dtdistrict02	room	listing_2496
dtdistrict19	rent	listing_2497
dtdistrict03	rent	listing_2498
dtdistrict14	rent	listing_2499
dtdistrict13	rent	listing_25
dtdistrict22	rent	listing_250
dtdistrict14	rent	listing_2500
dtdistrict09	rent	listing_2501
dtdistrict15	rent	listing_2502
dtdistrict23	rent	listing_2503
dtdistrict05	rent	listing_2504
dtdistrict10	rent	listing_2505
dtdistrict16	rent	listing_2506
dtdistrict14	rent	listing_2507
dtdistrict03	rent	listing_2508
dtdistrict19	rent	listing_2509
dtdistrict11	rent	listing_251
dtdistrict12	rent	listing_2510
dtdistrict14	rent	listing_2511
dtdistrict03	rent	listing_2512
dtdistrict11	rent	listing_2513
dtdistrict08	rent	listing_2514
dtdistrict12	rent	listing_2515
dtdistrict15	rent	listing_2516
dtdistrict21	rent	listing_2517
dtdistrict13	sale	listing_2518
dtdistrict05	rent	listing_2519
dtdistrict23	rent	listing_252
dtdistrict17	sale	listing_2520
dtdistrict10	rent	listing_2521
dtdistrict03	rent	listing_2522
dtdistrict20	rent	listing_2523
dtdistrict22	rent	listing_2524
dtdistrict21	rent	listing_2525
dtdistrict02	rent	listing_2526
dtdistrict14	room	listing_2527
dtdistrict19	rent	listing_2528
dtdistrict09	rent	listing_2529
dtdistrict08	rent	listing_253
dtdistrict15	rent	listing_2530
dtdistrict25	rent	listing_2531
dtdistrict15	rent	listing_2532
dtdistrict03	rent	listing_2533
dtdistrict19	rent	listing_2534
dtdistrict04	rent	listing_2535
dtdistrict14	rent	listing_2536
dtdistrict23	rent	listing_2537
dtdistrict09	rent	listing_2538
dtdistrict18	rent	listing_2539
dtdistrict15	rent	listing_254
dtdistrict10	rent	listing_2540
dtdistrict15	room	listing_2541
dtdistrict05	rent	listing_2542
dtdistrict10	rent	listing_2543
dtdistrict22	rent	listing_2544
dtdistrict19	sale	listing_2545
dtdistrict04	room	listing_2546
dtdistrict05	rent	listing_2547
dtdistrict10	rent	listing_2548
dtdistrict15	rent	listing_2549
dtdistrict12	rent	listing_255
dtdistrict16	rent	listing_2550
dtdistrict05	rent	listing_2551
dtdistrict11	rent	listing_2552
dtdistrict15	rent	listing_2553
dtdistrict12	rent	listing_2554
dtdistrict19	rent	listing_2555
dtdistrict18	rent	listing_2556
dtdistrict03	rent	listing_2557
dtdistrict12	rent	listing_2558
dtdistrict12	rent	listing_2559
dtdistrict19	rent	listing_256
dtdistrict09	rent	listing_2560
dtdistrict15	rent	listing_2561
dtdistrict10	rent	listing_2562
dtdistrict10	room	listing_2563
dtdistrict15	rent	listing_2564
dtdistrict23	rent	listing_2565
dtdistrict19	rent	listing_2566
dtdistrict14	room	listing_2567
dtdistrict12	rent	listing_2568
dtdistrict18	rent	listing_2569
dtdistrict23	rent	listing_257
dtdistrict18	rent	listing_2570
dtdistrict14	rent	listing_2571
dtdistrict14	sale	listing_2572
dtdistrict15	sale	listing_2573
dtdistrict12	rent	listing_2574
dtdistrict10	rent	listing_2575
dtdistrict12	rent	listing_2576
dtdistrict10	rent	listing_2577
dtdistrict15	sale	listing_2578
dtdistrict03	rent	listing_2579
dtdistrict03	rent	listing_258
dtdistrict19	rent	listing_2580
dtdistrict15	rent	listing_2581
dtdistrict05	rent	listing_2582
dtdistrict12	room	listing_2583
dtdistrict03	rent	listing_2584
dtdistrict03	rent	listing_2585
dtdistrict10	rent	listing_2586
dtdistrict11	rent	listing_2587
dtdistrict19	sale	listing_2588
dtdistrict11	rent	listing_2589
dtdistrict19	room	listing_259
dtdistrict13	rent	listing_2590
dtdistrict25	sale	listing_2591
dtdistrict19	room	listing_2592
dtdistrict09	rent	listing_2593
dtdistrict18	rent	listing_2594
dtdistrict12	rent	listing_2595
dtdistrict16	rent	listing_2596
dtdistrict19	rent	listing_2597
dtdistrict05	rent	listing_2598
dtdistrict12	rent	listing_2599
dtdistrict19	sale	listing_26
dtdistrict15	sale	listing_260
dtdistrict08	rent	listing_2600
dtdistrict12	room	listing_2601
dtdistrict25	rent	listing_2602
dtdistrict10	rent	listing_2603
dtdistrict10	rent	listing_2604
dtdistrict15	rent	listing_2605
dtdistrict19	sale	listing_2606
dtdistrict12	rent	listing_2607
dtdistrict16	rent	listing_2608
dtdistrict11	rent	listing_2609
dtdistrict05	rent	listing_261
dtdistrict20	room	listing_2610
dtdistrict15	rent	listing_2611
dtdistrict08	room	listing_2612
dtdistrict27	rent	listing_2613
dtdistrict09	rent	listing_2614
dtdistrict23	rent	listing_2615
dtdistrict12	rent	listing_2616
dtdistrict15	rent	listing_2617
dtdistrict20	room	listing_2618
dtdistrict15	rent	listing_2619
dtdistrict04	rent	listing_262
dtdistrict12	rent	listing_2620
dtdistrict12	rent	listing_2621
dtdistrict05	rent	listing_2622
dtdistrict15	rent	listing_2623
dtdistrict02	rent	listing_2624
dtdistrict12	rent	listing_2625
dtdistrict22	room	listing_2626
dtdistrict01	rent	listing_2627
dtdistrict11	rent	listing_2628
dtdistrict12	rent	listing_2629
dtdistrict05	room	listing_263
dtdistrict25	rent	listing_2630
dtdistrict21	rent	listing_2631
dtdistrict03	rent	listing_2632
dtdistrict05	rent	listing_2633
dtdistrict19	rent	listing_2634
dtdistrict03	rent	listing_2635
dtdistrict07	rent	listing_2636
dtdistrict19	rent	listing_2637
dtdistrict10	rent	listing_2638
dtdistrict09	rent	listing_2639
dtdistrict09	rent	listing_264
dtdistrict09	rent	listing_2640
dtdistrict23	rent	listing_2641
dtdistrict03	rent	listing_2642
dtdistrict14	rent	listing_2643
dtdistrict19	room	listing_2644
dtdistrict11	rent	listing_2645
dtdistrict05	rent	listing_2646
dtdistrict25	sale	listing_2647
dtdistrict20	rent	listing_2648
dtdistrict09	rent	listing_2649
dtdistrict22	room	listing_265
dtdistrict23	rent	listing_2650
dtdistrict21	rent	listing_2651
dtdistrict05	room	listing_2652
dtdistrict13	rent	listing_2653
dtdistrict19	rent	listing_2654
dtdistrict15	rent	listing_2655
dtdistrict12	rent	listing_2656
dtdistrict03	rent	listing_2657
dtdistrict12	room	listing_2658
dtdistrict17	rent	listing_2659
dtdistrict14	rent	listing_266
dtdistrict18	rent	listing_2660
dtdistrict14	sale	listing_2661
dtdistrict15	rent	listing_2662
dtdistrict18	rent	listing_2663
dtdistrict05	rent	listing_2664
dtdistrict09	rent	listing_2665
dtdistrict02	rent	listing_2666
dtdistrict15	rent	listing_2667
dtdistrict05	rent	listing_2668
dtdistrict03	sale	listing_2669
dtdistrict14	rent	listing_267
dtdistrict15	rent	listing_2670
dtdistrict12	rent	listing_2671
dtdistrict05	rent	listing_2672
dtdistrict15	rent	listing_2673
dtdistrict02	rent	listing_2674
dtdistrict09	rent	listing_2675
dtdistrict05	rent	listing_2676
dtdistrict19	rent	listing_2677
dtdistrict15	rent	listing_2678
dtdistrict25	sale	listing_2679
dtdistrict11	rent	listing_268
dtdistrict23	rent	listing_2680
dtdistrict19	rent	listing_2681
dtdistrict12	rent	listing_2682
dtdistrict09	rent	listing_2683
dtdistrict15	rent	listing_2684
dtdistrict09	rent	listing_2685
dtdistrict19	rent	listing_2686
dtdistrict14	rent	listing_2687
dtdistrict23	rent	listing_2688
dtdistrict03	rent	listing_2689
dtdistrict03	rent	listing_269
dtdistrict15	sale	listing_2690
dtdistrict01	rent	listing_2691
dtdistrict19	rent	listing_2692
dtdistrict25	rent	listing_2693
dtdistrict19	room	listing_2694
dtdistrict19	rent	listing_2695
dtdistrict17	rent	listing_2696
dtdistrict03	rent	listing_2697
dtdistrict10	rent	listing_2698
dtdistrict05	rent	listing_2699
dtdistrict02	rent	listing_27
dtdistrict14	rent	listing_270
dtdistrict12	rent	listing_2700
dtdistrict09	rent	listing_2701
dtdistrict10	rent	listing_2702
dtdistrict23	rent	listing_2703
dtdistrict14	rent	listing_2704
dtdistrict12	rent	listing_2705
dtdistrict23	rent	listing_2706
dtdistrict27	rent	listing_2707
dtdistrict23	rent	listing_2708
dtdistrict19	sale	listing_2709
dtdistrict10	rent	listing_271
dtdistrict20	room	listing_2710
dtdistrict03	room	listing_2711
dtdistrict23	rent	listing_2712
dtdistrict04	rent	listing_2713
dtdistrict07	rent	listing_2714
dtdistrict03	sale	listing_2715
dtdistrict09	rent	listing_2716
dtdistrict03	rent	listing_2717
dtdistrict15	rent	listing_2718
dtdistrict22	rent	listing_2719
dtdistrict03	rent	listing_272
dtdistrict23	rent	listing_2720
dtdistrict14	rent	listing_2721
dtdistrict03	rent	listing_2722
dtdistrict18	rent	listing_2723
dtdistrict12	rent	listing_2724
dtdistrict16	rent	listing_2725
dtdistrict09	rent	listing_2726
dtdistrict19	room	listing_2727
dtdistrict02	rent	listing_2728
dtdistrict15	rent	listing_2729
dtdistrict15	rent	listing_273
dtdistrict19	rent	listing_2730
dtdistrict05	sale	listing_2731
dtdistrict19	rent	listing_2732
dtdistrict28	rent	listing_2733
dtdistrict10	rent	listing_2734
dtdistrict12	rent	listing_2735
dtdistrict12	rent	listing_2736
dtdistrict19	sale	listing_2737
dtdistrict16	room	listing_2738
dtdistrict12	room	listing_2739
dtdistrict18	rent	listing_274
dtdistrict12	rent	listing_2740
dtdistrict10	rent	listing_2741
dtdistrict04	rent	listing_2742
dtdistrict09	rent	listing_2743
dtdistrict18	room	listing_2744
dtdistrict12	rent	listing_2745
dtdistrict23	room	listing_2746
dtdistrict12	rent	listing_2747
dtdistrict19	rent	listing_2748
dtdistrict03	rent	listing_2749
dtdistrict19	sale	listing_275
dtdistrict19	rent	listing_2750
dtdistrict08	room	listing_2751
dtdistrict04	rent	listing_2752
dtdistrict10	rent	listing_2753
dtdistrict15	rent	listing_2754
dtdistrict02	rent	listing_2755
dtdistrict21	rent	listing_2756
dtdistrict04	room	listing_2757
dtdistrict13	sale	listing_2758
dtdistrict11	rent	listing_2759
dtdistrict14	rent	listing_276
dtdistrict15	rent	listing_2760
dtdistrict15	rent	listing_2761
dtdistrict20	rent	listing_2762
dtdistrict08	room	listing_2763
dtdistrict10	rent	listing_2764
dtdistrict23	room	listing_2765
dtdistrict01	rent	listing_2766
dtdistrict18	rent	listing_2767
dtdistrict03	rent	listing_2768
dtdistrict03	rent	listing_2769
dtdistrict14	sale	listing_277
dtdistrict27	rent	listing_2770
dtdistrict27	rent	listing_2771
dtdistrict07	rent	listing_2772
dtdistrict05	rent	listing_2773
dtdistrict03	rent	listing_2774
dtdistrict10	rent	listing_2775
dtdistrict11	rent	listing_2776
dtdistrict02	rent	listing_2777
dtdistrict10	rent	listing_2778
dtdistrict14	room	listing_2779
dtdistrict09	rent	listing_278
dtdistrict09	rent	listing_2780
dtdistrict10	sale	listing_2781
dtdistrict07	rent	listing_2782
dtdistrict10	sale	listing_2783
dtdistrict07	rent	listing_2784
dtdistrict01	rent	listing_2785
dtdistrict14	rent	listing_2786
dtdistrict10	rent	listing_2787
dtdistrict10	rent	listing_2788
dtdistrict18	sale	listing_2789
dtdistrict15	rent	listing_279
dtdistrict12	room	listing_2790
dtdistrict03	rent	listing_2791
dtdistrict03	rent	listing_2792
dtdistrict10	rent	listing_2793
dtdistrict09	rent	listing_2794
dtdistrict21	room	listing_2795
dtdistrict19	sale	listing_2796
dtdistrict04	rent	listing_2797
dtdistrict15	rent	listing_2798
dtdistrict15	rent	listing_2799
dtdistrict09	rent	listing_28
dtdistrict22	room	listing_280
dtdistrict19	room	listing_2800
dtdistrict20	room	listing_2801
dtdistrict04	sale	listing_2802
dtdistrict19	rent	listing_2803
dtdistrict14	rent	listing_2804
dtdistrict19	sale	listing_2805
dtdistrict05	rent	listing_2806
dtdistrict12	rent	listing_2807
dtdistrict19	sale	listing_2808
dtdistrict08	sale	listing_2809
dtdistrict15	rent	listing_281
dtdistrict19	rent	listing_2810
dtdistrict18	rent	listing_2811
dtdistrict16	rent	listing_2812
dtdistrict03	sale	listing_2813
dtdistrict03	rent	listing_2814
dtdistrict15	rent	listing_2815
dtdistrict16	rent	listing_2816
dtdistrict14	rent	listing_2817
dtdistrict19	rent	listing_2818
dtdistrict04	rent	listing_2819
dtdistrict23	rent	listing_282
dtdistrict08	sale	listing_2820
dtdistrict12	rent	listing_2821
dtdistrict15	rent	listing_2822
dtdistrict15	rent	listing_2823
dtdistrict10	rent	listing_2824
dtdistrict09	rent	listing_2825
dtdistrict15	rent	listing_2826
dtdistrict04	room	listing_2827
dtdistrict09	rent	listing_2828
dtdistrict04	rent	listing_2829
dtdistrict03	rent	listing_283
dtdistrict09	rent	listing_2830
dtdistrict19	rent	listing_2831
dtdistrict05	rent	listing_2832
dtdistrict19	rent	listing_2833
dtdistrict15	sale	listing_2834
dtdistrict04	rent	listing_2835
dtdistrict04	rent	listing_2836
dtdistrict19	rent	listing_2837
dtdistrict05	rent	listing_2838
dtdistrict20	sale	listing_2839
dtdistrict22	rent	listing_284
dtdistrict03	sale	listing_2840
dtdistrict09	rent	listing_2841
dtdistrict05	rent	listing_2842
dtdistrict09	rent	listing_2843
dtdistrict10	rent	listing_2844
dtdistrict15	rent	listing_2845
dtdistrict19	sale	listing_2846
dtdistrict12	rent	listing_2847
dtdistrict15	rent	listing_2848
dtdistrict15	sale	listing_2849
dtdistrict14	rent	listing_285
dtdistrict22	sale	listing_2850
dtdistrict15	rent	listing_2851
dtdistrict07	rent	listing_2852
dtdistrict12	rent	listing_2853
dtdistrict10	rent	listing_2854
dtdistrict11	rent	listing_2855
dtdistrict10	rent	listing_2856
dtdistrict22	rent	listing_2857
dtdistrict05	rent	listing_2858
dtdistrict15	rent	listing_2859
dtdistrict12	rent	listing_286
dtdistrict05	rent	listing_2860
dtdistrict14	rent	listing_2861
dtdistrict05	room	listing_2862
dtdistrict08	rent	listing_2863
dtdistrict04	rent	listing_2864
dtdistrict04	sale	listing_2865
dtdistrict15	sale	listing_2866
dtdistrict15	rent	listing_2867
dtdistrict11	rent	listing_2868
dtdistrict11	rent	listing_2869
dtdistrict14	sale	listing_287
dtdistrict05	room	listing_2870
dtdistrict14	sale	listing_2871
dtdistrict03	rent	listing_2872
dtdistrict04	rent	listing_2873
dtdistrict09	rent	listing_2874
dtdistrict05	rent	listing_2875
dtdistrict15	sale	listing_2876
dtdistrict11	rent	listing_2877
dtdistrict08	sale	listing_2878
dtdistrict12	rent	listing_2879
dtdistrict12	rent	listing_288
dtdistrict12	rent	listing_2880
dtdistrict15	sale	listing_2881
dtdistrict18	room	listing_2882
dtdistrict16	rent	listing_2883
dtdistrict19	room	listing_2884
dtdistrict16	rent	listing_2885
dtdistrict04	rent	listing_2886
dtdistrict14	rent	listing_2887
dtdistrict25	sale	listing_2888
dtdistrict27	room	listing_2889
dtdistrict05	rent	listing_289
dtdistrict03	rent	listing_2890
dtdistrict03	rent	listing_2891
dtdistrict01	rent	listing_2892
dtdistrict09	rent	listing_2893
dtdistrict11	rent	listing_2894
dtdistrict23	sale	listing_2895
dtdistrict14	room	listing_2896
dtdistrict10	rent	listing_2897
dtdistrict27	rent	listing_2898
dtdistrict12	rent	listing_2899
dtdistrict02	rent	listing_29
dtdistrict14	rent	listing_290
dtdistrict14	rent	listing_2900
dtdistrict10	rent	listing_2901
dtdistrict10	rent	listing_2902
dtdistrict10	sale	listing_2903
dtdistrict05	room	listing_2904
dtdistrict19	room	listing_2905
dtdistrict03	room	listing_2906
dtdistrict12	rent	listing_2907
dtdistrict04	room	listing_2908
dtdistrict23	room	listing_2909
dtdistrict19	sale	listing_291
dtdistrict23	rent	listing_2910
dtdistrict27	sale	listing_2911
dtdistrict03	rent	listing_2912
dtdistrict19	sale	listing_2913
dtdistrict09	rent	listing_2914
dtdistrict09	rent	listing_2915
dtdistrict07	rent	listing_2916
dtdistrict10	rent	listing_2917
dtdistrict10	room	listing_2918
dtdistrict12	rent	listing_2919
dtdistrict15	rent	listing_292
dtdistrict09	rent	listing_2920
dtdistrict23	room	listing_2921
dtdistrict15	rent	listing_2922
dtdistrict19	sale	listing_2923
dtdistrict19	rent	listing_2924
dtdistrict05	rent	listing_2925
dtdistrict11	rent	listing_2926
dtdistrict03	rent	listing_2927
dtdistrict08	rent	listing_2928
dtdistrict03	rent	listing_2929
dtdistrict04	room	listing_293
dtdistrict01	room	listing_2930
dtdistrict12	rent	listing_2931
dtdistrict04	sale	listing_2932
dtdistrict15	rent	listing_2933
dtdistrict03	rent	listing_2934
dtdistrict10	rent	listing_2935
dtdistrict09	rent	listing_2936
dtdistrict12	rent	listing_2937
dtdistrict10	room	listing_2938
dtdistrict03	rent	listing_2939
dtdistrict04	rent	listing_294
dtdistrict22	rent	listing_2940
dtdistrict12	rent	listing_2941
dtdistrict03	rent	listing_2942
dtdistrict12	rent	listing_2943
dtdistrict18	rent	listing_2944
dtdistrict21	rent	listing_2945
dtdistrict03	rent	listing_2946
dtdistrict19	room	listing_2947
dtdistrict15	sale	listing_2948
dtdistrict05	sale	listing_2949
dtdistrict03	rent	listing_295
dtdistrict27	room	listing_2950
dtdistrict13	sale	listing_2951
dtdistrict11	rent	listing_2952
dtdistrict19	rent	listing_2953
dtdistrict15	rent	listing_2954
dtdistrict19	rent	listing_2955
dtdistrict08	sale	listing_2956
dtdistrict14	rent	listing_2957
dtdistrict03	room	listing_2958
dtdistrict03	rent	listing_2959
dtdistrict05	rent	listing_296
dtdistrict09	rent	listing_2960
dtdistrict08	rent	listing_2961
dtdistrict13	rent	listing_2962
dtdistrict23	room	listing_2963
dtdistrict03	room	listing_2964
dtdistrict15	sale	listing_2965
dtdistrict19	room	listing_2966
dtdistrict17	sale	listing_2967
dtdistrict05	sale	listing_2968
dtdistrict03	rent	listing_2969
dtdistrict03	rent	listing_297
dtdistrict09	rent	listing_2970
dtdistrict09	rent	listing_2971
dtdistrict11	rent	listing_2972
dtdistrict14	rent	listing_2973
dtdistrict19	room	listing_2974
dtdistrict09	rent	listing_2975
dtdistrict03	rent	listing_2976
dtdistrict09	rent	listing_2977
dtdistrict11	rent	listing_2978
dtdistrict02	rent	listing_2979
dtdistrict19	rent	listing_298
dtdistrict19	sale	listing_2980
dtdistrict11	rent	listing_2981
dtdistrict02	rent	listing_2982
dtdistrict19	sale	listing_2983
dtdistrict08	rent	listing_2984
dtdistrict08	room	listing_2985
dtdistrict15	rent	listing_2986
dtdistrict19	rent	listing_2987
dtdistrict18	rent	listing_2988
dtdistrict11	rent	listing_2989
dtdistrict23	rent	listing_299
dtdistrict09	rent	listing_2990
dtdistrict19	room	listing_2991
dtdistrict09	rent	listing_2992
dtdistrict01	room	listing_2993
dtdistrict19	rent	listing_2994
dtdistrict14	sale	listing_2995
dtdistrict10	rent	listing_2996
dtdistrict15	rent	listing_2997
dtdistrict14	sale	listing_2998
dtdistrict21	rent	listing_2999
dtdistrict15	sale	listing_3
dtdistrict03	rent	listing_30
dtdistrict03	rent	listing_300
dtdistrict15	sale	listing_3000
dtdistrict19	room	listing_3001
dtdistrict03	room	listing_3002
dtdistrict10	rent	listing_3003
dtdistrict03	rent	listing_3004
dtdistrict15	sale	listing_3005
dtdistrict03	room	listing_3006
dtdistrict14	rent	listing_3007
dtdistrict27	rent	listing_3008
dtdistrict05	rent	listing_3009
dtdistrict05	rent	listing_301
dtdistrict22	rent	listing_3010
dtdistrict02	rent	listing_3011
dtdistrict09	rent	listing_3012
dtdistrict05	rent	listing_3013
dtdistrict22	rent	listing_3014
dtdistrict22	rent	listing_3015
dtdistrict09	rent	listing_3016
dtdistrict02	rent	listing_3017
dtdistrict19	sale	listing_3018
dtdistrict15	rent	listing_3019
dtdistrict05	rent	listing_302
dtdistrict09	rent	listing_3020
dtdistrict19	room	listing_3021
dtdistrict09	rent	listing_3022
dtdistrict19	sale	listing_3023
dtdistrict09	rent	listing_3024
dtdistrict14	sale	listing_3025
dtdistrict17	rent	listing_3026
dtdistrict15	rent	listing_3027
dtdistrict05	sale	listing_3028
dtdistrict03	rent	listing_3029
dtdistrict17	rent	listing_303
dtdistrict15	sale	listing_3030
dtdistrict19	rent	listing_3031
dtdistrict10	rent	listing_3032
dtdistrict12	room	listing_3033
dtdistrict18	sale	listing_3034
dtdistrict10	rent	listing_3035
dtdistrict10	rent	listing_3036
dtdistrict15	rent	listing_3037
dtdistrict09	rent	listing_3038
dtdistrict02	rent	listing_3039
dtdistrict23	rent	listing_304
dtdistrict26	rent	listing_3040
dtdistrict27	rent	listing_3041
dtdistrict18	rent	listing_3042
dtdistrict19	rent	listing_3043
dtdistrict19	rent	listing_3044
dtdistrict09	rent	listing_3045
dtdistrict05	rent	listing_3046
dtdistrict12	rent	listing_3047
dtdistrict05	rent	listing_3048
dtdistrict15	rent	listing_3049
dtdistrict12	rent	listing_305
dtdistrict25	rent	listing_3050
dtdistrict19	rent	listing_3051
dtdistrict10	rent	listing_3052
dtdistrict15	rent	listing_3053
dtdistrict21	rent	listing_3054
dtdistrict12	rent	listing_3055
dtdistrict21	rent	listing_3056
dtdistrict18	sale	listing_3057
dtdistrict12	sale	listing_3058
dtdistrict05	sale	listing_3059
dtdistrict20	room	listing_306
dtdistrict14	rent	listing_3060
dtdistrict15	rent	listing_3061
dtdistrict21	rent	listing_3062
dtdistrict02	rent	listing_3063
dtdistrict19	sale	listing_3064
dtdistrict09	rent	listing_3065
dtdistrict04	rent	listing_3066
dtdistrict10	rent	listing_3067
dtdistrict10	rent	listing_3068
dtdistrict19	sale	listing_3069
dtdistrict20	rent	listing_307
dtdistrict09	rent	listing_3070
dtdistrict22	rent	listing_3071
dtdistrict04	rent	listing_3072
dtdistrict09	rent	listing_3073
dtdistrict11	rent	listing_3074
dtdistrict22	sale	listing_3075
dtdistrict23	rent	listing_3076
dtdistrict10	rent	listing_3077
dtdistrict12	rent	listing_3078
dtdistrict09	rent	listing_3079
dtdistrict16	rent	listing_308
dtdistrict10	room	listing_309
dtdistrict04	rent	listing_31
dtdistrict05	rent	listing_310
dtdistrict13	rent	listing_311
dtdistrict19	rent	listing_312
dtdistrict04	rent	listing_313
dtdistrict09	rent	listing_314
dtdistrict07	rent	listing_315
dtdistrict19	rent	listing_316
dtdistrict05	rent	listing_317
dtdistrict19	room	listing_318
dtdistrict15	rent	listing_319
dtdistrict03	rent	listing_32
dtdistrict03	rent	listing_320
dtdistrict19	rent	listing_321
dtdistrict09	rent	listing_322
dtdistrict05	rent	listing_323
dtdistrict01	rent	listing_324
dtdistrict10	rent	listing_325
dtdistrict14	rent	listing_326
dtdistrict16	rent	listing_327
dtdistrict03	room	listing_328
dtdistrict23	rent	listing_329
dtdistrict22	rent	listing_33
dtdistrict04	room	listing_330
dtdistrict18	rent	listing_331
dtdistrict16	rent	listing_332
dtdistrict15	rent	listing_333
dtdistrict12	rent	listing_334
dtdistrict27	rent	listing_335
dtdistrict23	rent	listing_336
dtdistrict17	sale	listing_337
dtdistrict05	rent	listing_338
dtdistrict19	sale	listing_339
dtdistrict23	rent	listing_34
dtdistrict15	rent	listing_340
dtdistrict05	rent	listing_341
dtdistrict23	room	listing_342
dtdistrict09	rent	listing_343
dtdistrict14	rent	listing_344
dtdistrict18	rent	listing_345
dtdistrict15	rent	listing_346
dtdistrict14	rent	listing_347
dtdistrict12	rent	listing_348
dtdistrict15	rent	listing_349
dtdistrict18	rent	listing_35
dtdistrict10	rent	listing_350
dtdistrict03	rent	listing_351
dtdistrict05	rent	listing_352
dtdistrict03	rent	listing_353
dtdistrict15	rent	listing_354
dtdistrict04	rent	listing_355
dtdistrict20	room	listing_356
dtdistrict23	rent	listing_357
dtdistrict04	rent	listing_358
dtdistrict14	rent	listing_359
dtdistrict15	rent	listing_36
dtdistrict14	rent	listing_360
dtdistrict18	room	listing_361
dtdistrict12	rent	listing_362
dtdistrict10	rent	listing_363
dtdistrict22	rent	listing_364
dtdistrict14	rent	listing_365
dtdistrict08	rent	listing_366
dtdistrict14	rent	listing_367
dtdistrict03	rent	listing_368
dtdistrict10	rent	listing_369
dtdistrict15	rent	listing_37
dtdistrict05	rent	listing_370
dtdistrict21	rent	listing_371
dtdistrict10	rent	listing_372
dtdistrict04	rent	listing_373
dtdistrict05	rent	listing_374
dtdistrict09	rent	listing_375
dtdistrict25	sale	listing_376
dtdistrict05	rent	listing_377
dtdistrict12	rent	listing_378
dtdistrict15	room	listing_379
dtdistrict04	sale	listing_38
dtdistrict03	rent	listing_380
dtdistrict04	rent	listing_381
dtdistrict03	rent	listing_382
dtdistrict10	sale	listing_383
dtdistrict15	rent	listing_384
dtdistrict09	rent	listing_385
dtdistrict10	rent	listing_386
dtdistrict21	rent	listing_387
dtdistrict07	rent	listing_388
dtdistrict12	rent	listing_389
dtdistrict05	rent	listing_39
dtdistrict03	room	listing_390
dtdistrict27	rent	listing_391
dtdistrict03	rent	listing_392
dtdistrict11	rent	listing_393
dtdistrict19	rent	listing_394
dtdistrict11	rent	listing_395
dtdistrict15	rent	listing_396
dtdistrict16	rent	listing_397
dtdistrict16	rent	listing_398
dtdistrict14	rent	listing_399
dtdistrict23	rent	listing_4
dtdistrict08	rent	listing_40
dtdistrict23	rent	listing_400
dtdistrict03	rent	listing_401
dtdistrict10	rent	listing_402
dtdistrict16	rent	listing_403
dtdistrict12	rent	listing_404
dtdistrict03	rent	listing_405
dtdistrict14	rent	listing_406
dtdistrict05	rent	listing_407
dtdistrict05	rent	listing_408
dtdistrict09	rent	listing_409
dtdistrict18	rent	listing_41
dtdistrict12	rent	listing_410
dtdistrict14	rent	listing_411
dtdistrict05	rent	listing_412
dtdistrict19	rent	listing_413
dtdistrict12	rent	listing_414
dtdistrict19	rent	listing_415
dtdistrict08	rent	listing_416
dtdistrict09	rent	listing_417
dtdistrict19	rent	listing_418
dtdistrict09	rent	listing_419
dtdistrict05	rent	listing_42
dtdistrict16	rent	listing_420
dtdistrict05	rent	listing_421
dtdistrict20	rent	listing_422
dtdistrict03	rent	listing_423
dtdistrict19	rent	listing_424
dtdistrict09	rent	listing_425
dtdistrict09	rent	listing_426
dtdistrict10	rent	listing_427
dtdistrict28	rent	listing_428
dtdistrict02	rent	listing_429
dtdistrict23	room	listing_43
dtdistrict10	rent	listing_430
dtdistrict20	rent	listing_431
dtdistrict12	rent	listing_432
dtdistrict09	room	listing_433
dtdistrict10	rent	listing_434
dtdistrict19	room	listing_435
dtdistrict02	rent	listing_436
dtdistrict01	room	listing_437
dtdistrict19	rent	listing_438
dtdistrict05	rent	listing_439
dtdistrict23	rent	listing_44
dtdistrict10	rent	listing_440
dtdistrict12	rent	listing_441
dtdistrict05	rent	listing_442
dtdistrict15	rent	listing_443
dtdistrict10	rent	listing_444
dtdistrict19	room	listing_445
dtdistrict09	rent	listing_446
dtdistrict19	rent	listing_447
dtdistrict07	rent	listing_448
dtdistrict18	room	listing_449
dtdistrict14	rent	listing_45
dtdistrict16	rent	listing_450
dtdistrict23	rent	listing_451
dtdistrict15	rent	listing_452
dtdistrict15	rent	listing_453
dtdistrict15	rent	listing_454
dtdistrict14	rent	listing_455
dtdistrict23	rent	listing_456
dtdistrict10	rent	listing_457
dtdistrict19	rent	listing_458
dtdistrict16	rent	listing_459
dtdistrict19	sale	listing_46
dtdistrict03	rent	listing_460
dtdistrict19	room	listing_461
dtdistrict28	rent	listing_462
dtdistrict14	rent	listing_463
dtdistrict16	rent	listing_464
dtdistrict07	rent	listing_465
dtdistrict02	rent	listing_466
dtdistrict23	rent	listing_467
dtdistrict22	rent	listing_468
dtdistrict22	rent	listing_469
dtdistrict14	rent	listing_47
dtdistrict02	rent	listing_470
dtdistrict23	rent	listing_471
dtdistrict27	room	listing_472
dtdistrict03	room	listing_473
dtdistrict16	rent	listing_474
dtdistrict05	rent	listing_475
dtdistrict12	rent	listing_476
dtdistrict02	rent	listing_477
dtdistrict09	rent	listing_478
dtdistrict19	rent	listing_479
dtdistrict12	rent	listing_48
dtdistrict04	rent	listing_480
dtdistrict04	rent	listing_481
dtdistrict01	room	listing_482
dtdistrict12	rent	listing_483
dtdistrict10	rent	listing_484
dtdistrict09	rent	listing_485
dtdistrict14	rent	listing_486
dtdistrict03	rent	listing_487
dtdistrict09	rent	listing_488
dtdistrict03	rent	listing_489
dtdistrict17	rent	listing_49
dtdistrict11	rent	listing_490
dtdistrict23	rent	listing_491
dtdistrict18	rent	listing_492
dtdistrict20	room	listing_493
dtdistrict12	rent	listing_494
dtdistrict09	rent	listing_495
dtdistrict09	rent	listing_496
dtdistrict07	rent	listing_497
dtdistrict19	sale	listing_498
dtdistrict14	rent	listing_499
dtdistrict22	rent	listing_5
dtdistrict03	rent	listing_50
dtdistrict05	rent	listing_500
dtdistrict10	rent	listing_501
dtdistrict12	room	listing_502
dtdistrict05	rent	listing_503
dtdistrict03	rent	listing_504
dtdistrict15	rent	listing_505
dtdistrict19	rent	listing_506
dtdistrict08	rent	listing_507
dtdistrict15	rent	listing_508
dtdistrict03	rent	listing_509
dtdistrict11	rent	listing_51
dtdistrict10	rent	listing_510
dtdistrict09	rent	listing_511
dtdistrict03	rent	listing_512
dtdistrict10	rent	listing_513
dtdistrict03	rent	listing_514
dtdistrict03	rent	listing_515
dtdistrict16	rent	listing_516
dtdistrict09	rent	listing_517
dtdistrict03	rent	listing_518
dtdistrict14	rent	listing_519
dtdistrict09	rent	listing_52
dtdistrict08	room	listing_520
dtdistrict19	room	listing_521
dtdistrict14	rent	listing_522
dtdistrict09	rent	listing_523
dtdistrict13	room	listing_524
dtdistrict09	rent	listing_525
dtdistrict12	sale	listing_526
dtdistrict01	rent	listing_527
dtdistrict10	rent	listing_528
dtdistrict05	rent	listing_529
dtdistrict12	rent	listing_53
dtdistrict21	rent	listing_530
dtdistrict10	rent	listing_531
dtdistrict02	rent	listing_532
dtdistrict05	rent	listing_533
dtdistrict15	rent	listing_534
dtdistrict11	rent	listing_535
dtdistrict15	rent	listing_536
dtdistrict11	rent	listing_537
dtdistrict19	sale	listing_538
dtdistrict10	rent	listing_539
dtdistrict12	rent	listing_54
dtdistrict28	rent	listing_540
dtdistrict12	rent	listing_541
dtdistrict09	rent	listing_542
dtdistrict03	rent	listing_543
dtdistrict15	rent	listing_544
dtdistrict19	room	listing_545
dtdistrict03	rent	listing_546
dtdistrict25	rent	listing_547
dtdistrict11	rent	listing_548
dtdistrict11	rent	listing_549
dtdistrict16	rent	listing_55
dtdistrict19	rent	listing_550
dtdistrict19	rent	listing_551
dtdistrict10	sale	listing_552
dtdistrict09	rent	listing_553
dtdistrict15	rent	listing_554
dtdistrict15	sale	listing_555
dtdistrict09	rent	listing_556
dtdistrict02	rent	listing_557
dtdistrict15	sale	listing_558
dtdistrict22	rent	listing_559
dtdistrict03	room	listing_56
dtdistrict14	rent	listing_560
dtdistrict19	room	listing_561
dtdistrict07	rent	listing_562
dtdistrict11	rent	listing_563
dtdistrict03	rent	listing_564
dtdistrict09	rent	listing_565
dtdistrict03	rent	listing_566
dtdistrict05	rent	listing_567
dtdistrict15	rent	listing_568
dtdistrict12	rent	listing_569
dtdistrict05	rent	listing_57
dtdistrict14	room	listing_570
dtdistrict20	rent	listing_571
dtdistrict23	rent	listing_572
dtdistrict04	rent	listing_573
dtdistrict20	rent	listing_574
dtdistrict10	rent	listing_575
dtdistrict10	rent	listing_576
dtdistrict27	rent	listing_577
dtdistrict23	rent	listing_578
dtdistrict03	rent	listing_579
dtdistrict02	rent	listing_58
dtdistrict19	room	listing_580
dtdistrict04	sale	listing_581
dtdistrict14	sale	listing_582
dtdistrict04	rent	listing_583
dtdistrict04	rent	listing_584
dtdistrict15	rent	listing_585
dtdistrict19	rent	listing_586
dtdistrict15	rent	listing_587
dtdistrict20	rent	listing_588
dtdistrict16	rent	listing_589
dtdistrict04	rent	listing_59
dtdistrict18	rent	listing_590
dtdistrict05	rent	listing_591
dtdistrict14	rent	listing_592
dtdistrict19	rent	listing_593
dtdistrict27	rent	listing_594
dtdistrict05	rent	listing_595
dtdistrict20	room	listing_596
dtdistrict14	room	listing_597
dtdistrict05	rent	listing_598
dtdistrict19	sale	listing_599
dtdistrict05	rent	listing_6
dtdistrict03	rent	listing_60
dtdistrict23	rent	listing_600
dtdistrict12	rent	listing_601
dtdistrict14	rent	listing_602
dtdistrict05	rent	listing_603
dtdistrict11	rent	listing_604
dtdistrict21	rent	listing_605
dtdistrict02	rent	listing_606
dtdistrict19	rent	listing_607
dtdistrict14	room	listing_608
dtdistrict02	rent	listing_609
dtdistrict05	room	listing_61
dtdistrict03	rent	listing_610
dtdistrict14	rent	listing_611
dtdistrict09	rent	listing_612
dtdistrict17	rent	listing_613
dtdistrict05	rent	listing_614
dtdistrict03	rent	listing_615
dtdistrict19	rent	listing_616
dtdistrict03	rent	listing_617
dtdistrict28	rent	listing_618
dtdistrict11	rent	listing_619
dtdistrict10	rent	listing_62
dtdistrict04	rent	listing_620
dtdistrict03	rent	listing_621
dtdistrict23	rent	listing_622
dtdistrict22	rent	listing_623
dtdistrict16	rent	listing_624
dtdistrict19	rent	listing_625
dtdistrict19	rent	listing_626
dtdistrict12	rent	listing_627
dtdistrict12	rent	listing_628
dtdistrict11	rent	listing_629
dtdistrict18	rent	listing_63
dtdistrict20	room	listing_630
dtdistrict13	rent	listing_631
dtdistrict05	rent	listing_632
dtdistrict19	sale	listing_633
dtdistrict07	rent	listing_634
dtdistrict13	rent	listing_635
dtdistrict07	rent	listing_636
dtdistrict23	room	listing_637
dtdistrict03	rent	listing_638
dtdistrict10	rent	listing_639
dtdistrict05	rent	listing_64
dtdistrict05	rent	listing_640
dtdistrict18	rent	listing_641
dtdistrict22	rent	listing_642
dtdistrict18	rent	listing_643
dtdistrict03	rent	listing_644
dtdistrict22	rent	listing_645
dtdistrict20	rent	listing_646
dtdistrict23	rent	listing_647
dtdistrict14	rent	listing_648
dtdistrict03	rent	listing_649
dtdistrict03	rent	listing_65
dtdistrict28	rent	listing_650
dtdistrict19	rent	listing_651
dtdistrict17	rent	listing_652
dtdistrict09	rent	listing_653
dtdistrict15	rent	listing_654
dtdistrict04	rent	listing_655
dtdistrict09	rent	listing_656
dtdistrict19	rent	listing_657
dtdistrict16	rent	listing_658
dtdistrict02	room	listing_659
dtdistrict03	sale	listing_66
dtdistrict09	rent	listing_660
dtdistrict23	rent	listing_661
dtdistrict14	rent	listing_662
dtdistrict03	room	listing_663
dtdistrict09	room	listing_664
dtdistrict17	room	listing_665
dtdistrict05	rent	listing_666
dtdistrict09	rent	listing_667
dtdistrict03	rent	listing_668
dtdistrict15	rent	listing_669
dtdistrict22	rent	listing_67
dtdistrict03	rent	listing_670
dtdistrict11	rent	listing_671
dtdistrict15	rent	listing_672
dtdistrict18	rent	listing_673
dtdistrict09	rent	listing_674
dtdistrict15	rent	listing_675
dtdistrict19	sale	listing_676
dtdistrict12	room	listing_677
dtdistrict15	rent	listing_678
dtdistrict23	rent	listing_679
dtdistrict12	rent	listing_68
dtdistrict20	rent	listing_680
dtdistrict05	rent	listing_681
dtdistrict12	rent	listing_682
dtdistrict05	rent	listing_683
dtdistrict19	rent	listing_684
dtdistrict15	sale	listing_685
dtdistrict09	rent	listing_686
dtdistrict19	rent	listing_687
dtdistrict27	rent	listing_688
dtdistrict15	rent	listing_689
dtdistrict19	rent	listing_69
dtdistrict18	rent	listing_690
dtdistrict03	rent	listing_691
dtdistrict19	rent	listing_692
dtdistrict03	rent	listing_693
dtdistrict19	rent	listing_694
dtdistrict02	rent	listing_695
dtdistrict14	rent	listing_696
dtdistrict09	rent	listing_697
dtdistrict19	rent	listing_698
dtdistrict05	rent	listing_699
dtdistrict09	rent	listing_7
dtdistrict02	rent	listing_70
dtdistrict16	rent	listing_700
dtdistrict19	rent	listing_701
dtdistrict15	rent	listing_702
dtdistrict14	rent	listing_703
dtdistrict19	room	listing_704
dtdistrict20	rent	listing_705
dtdistrict12	rent	listing_706
dtdistrict03	rent	listing_707
dtdistrict12	sale	listing_708
dtdistrict03	rent	listing_709
dtdistrict02	rent	listing_71
dtdistrict03	rent	listing_710
dtdistrict09	rent	listing_711
dtdistrict23	rent	listing_712
dtdistrict18	rent	listing_713
dtdistrict10	rent	listing_714
dtdistrict05	rent	listing_715
dtdistrict03	rent	listing_716
dtdistrict22	rent	listing_717
dtdistrict09	rent	listing_718
dtdistrict20	rent	listing_719
dtdistrict14	rent	listing_72
dtdistrict07	rent	listing_720
dtdistrict19	rent	listing_721
dtdistrict14	rent	listing_722
dtdistrict01	rent	listing_723
dtdistrict13	rent	listing_724
dtdistrict15	rent	listing_725
dtdistrict01	rent	listing_726
dtdistrict22	rent	listing_727
dtdistrict28	sale	listing_728
dtdistrict04	rent	listing_729
dtdistrict19	rent	listing_73
dtdistrict22	rent	listing_730
dtdistrict22	rent	listing_731
dtdistrict10	rent	listing_732
dtdistrict05	room	listing_733
dtdistrict05	rent	listing_734
dtdistrict09	rent	listing_735
dtdistrict03	rent	listing_736
dtdistrict23	rent	listing_737
dtdistrict23	rent	listing_738
dtdistrict05	rent	listing_739
dtdistrict12	rent	listing_74
dtdistrict19	room	listing_740
dtdistrict15	rent	listing_741
dtdistrict11	room	listing_742
dtdistrict03	rent	listing_743
dtdistrict03	rent	listing_744
dtdistrict03	sale	listing_745
dtdistrict18	rent	listing_746
dtdistrict02	rent	listing_747
dtdistrict23	rent	listing_748
dtdistrict10	sale	listing_749
dtdistrict03	rent	listing_75
dtdistrict17	sale	listing_750
dtdistrict22	room	listing_751
dtdistrict23	rent	listing_752
dtdistrict15	rent	listing_753
dtdistrict02	rent	listing_754
dtdistrict10	rent	listing_755
dtdistrict15	rent	listing_756
dtdistrict13	sale	listing_757
dtdistrict12	rent	listing_758
dtdistrict28	rent	listing_759
dtdistrict19	rent	listing_76
dtdistrict15	rent	listing_760
dtdistrict21	room	listing_761
dtdistrict09	rent	listing_762
dtdistrict15	rent	listing_763
dtdistrict15	rent	listing_764
dtdistrict03	rent	listing_765
dtdistrict10	rent	listing_766
dtdistrict03	room	listing_767
dtdistrict19	rent	listing_768
dtdistrict05	room	listing_769
dtdistrict23	rent	listing_77
dtdistrict23	rent	listing_770
dtdistrict10	rent	listing_771
dtdistrict10	rent	listing_772
dtdistrict03	rent	listing_773
dtdistrict03	rent	listing_774
dtdistrict12	rent	listing_775
dtdistrict19	room	listing_776
dtdistrict03	rent	listing_777
dtdistrict13	room	listing_778
dtdistrict03	rent	listing_779
dtdistrict19	rent	listing_78
dtdistrict09	rent	listing_780
dtdistrict05	rent	listing_781
dtdistrict11	rent	listing_782
dtdistrict12	rent	listing_783
dtdistrict12	sale	listing_784
dtdistrict05	rent	listing_785
dtdistrict12	rent	listing_786
dtdistrict15	rent	listing_787
dtdistrict01	rent	listing_788
dtdistrict14	rent	listing_789
dtdistrict20	rent	listing_79
dtdistrict10	rent	listing_790
dtdistrict21	rent	listing_791
dtdistrict11	rent	listing_792
dtdistrict12	rent	listing_793
dtdistrict18	rent	listing_794
dtdistrict15	rent	listing_795
dtdistrict21	rent	listing_796
dtdistrict11	rent	listing_797
dtdistrict12	rent	listing_798
dtdistrict23	rent	listing_799
dtdistrict16	rent	listing_8
dtdistrict03	rent	listing_80
dtdistrict10	rent	listing_800
dtdistrict12	rent	listing_801
dtdistrict08	rent	listing_802
dtdistrict09	rent	listing_803
dtdistrict11	room	listing_804
dtdistrict19	rent	listing_805
dtdistrict05	rent	listing_806
dtdistrict18	rent	listing_807
dtdistrict15	rent	listing_808
dtdistrict05	rent	listing_809
dtdistrict03	rent	listing_81
dtdistrict09	rent	listing_810
dtdistrict03	rent	listing_811
dtdistrict01	rent	listing_812
dtdistrict15	rent	listing_813
dtdistrict08	rent	listing_814
dtdistrict15	rent	listing_815
dtdistrict11	rent	listing_816
dtdistrict03	rent	listing_817
dtdistrict08	rent	listing_818
dtdistrict23	rent	listing_819
dtdistrict05	rent	listing_82
dtdistrict11	rent	listing_820
dtdistrict03	rent	listing_821
dtdistrict03	rent	listing_822
dtdistrict10	rent	listing_823
dtdistrict14	rent	listing_824
dtdistrict05	rent	listing_825
dtdistrict11	rent	listing_826
dtdistrict07	rent	listing_827
dtdistrict19	sale	listing_828
dtdistrict19	room	listing_829
dtdistrict14	rent	listing_83
dtdistrict27	rent	listing_830
dtdistrict12	rent	listing_831
dtdistrict02	room	listing_832
dtdistrict11	rent	listing_833
dtdistrict23	rent	listing_834
dtdistrict19	rent	listing_835
dtdistrict05	rent	listing_836
dtdistrict18	rent	listing_837
dtdistrict28	rent	listing_838
dtdistrict15	rent	listing_839
dtdistrict16	rent	listing_84
dtdistrict14	rent	listing_840
dtdistrict09	rent	listing_841
dtdistrict09	rent	listing_842
dtdistrict08	rent	listing_843
dtdistrict03	rent	listing_844
dtdistrict12	sale	listing_845
dtdistrict08	room	listing_846
dtdistrict15	rent	listing_847
dtdistrict12	rent	listing_848
dtdistrict19	rent	listing_849
dtdistrict23	rent	listing_85
dtdistrict09	rent	listing_850
dtdistrict19	sale	listing_851
dtdistrict18	rent	listing_852
dtdistrict10	rent	listing_853
dtdistrict28	rent	listing_854
dtdistrict09	rent	listing_855
dtdistrict11	rent	listing_856
dtdistrict22	rent	listing_857
dtdistrict09	room	listing_858
dtdistrict15	rent	listing_859
dtdistrict23	rent	listing_86
dtdistrict16	rent	listing_860
dtdistrict22	rent	listing_861
dtdistrict14	rent	listing_862
dtdistrict20	rent	listing_863
dtdistrict03	rent	listing_864
dtdistrict16	rent	listing_865
dtdistrict12	rent	listing_866
dtdistrict17	sale	listing_867
dtdistrict12	rent	listing_868
dtdistrict12	rent	listing_869
dtdistrict13	rent	listing_87
dtdistrict19	sale	listing_870
dtdistrict12	rent	listing_871
dtdistrict03	rent	listing_872
dtdistrict09	rent	listing_873
dtdistrict25	rent	listing_874
dtdistrict10	rent	listing_875
dtdistrict03	rent	listing_876
dtdistrict09	rent	listing_877
dtdistrict14	room	listing_878
dtdistrict10	rent	listing_879
dtdistrict12	rent	listing_88
dtdistrict15	rent	listing_880
dtdistrict09	rent	listing_881
dtdistrict15	sale	listing_882
dtdistrict03	rent	listing_883
dtdistrict21	rent	listing_884
dtdistrict14	rent	listing_885
dtdistrict05	rent	listing_886
dtdistrict10	rent	listing_887
dtdistrict18	rent	listing_888
dtdistrict09	rent	listing_889
dtdistrict15	rent	listing_89
dtdistrict15	rent	listing_890
dtdistrict12	rent	listing_891
dtdistrict20	rent	listing_892
dtdistrict03	rent	listing_893
dtdistrict21	rent	listing_894
dtdistrict03	rent	listing_895
dtdistrict11	rent	listing_896
dtdistrict04	rent	listing_897
dtdistrict11	rent	listing_898
dtdistrict12	rent	listing_899
dtdistrict10	rent	listing_9
dtdistrict12	room	listing_90
dtdistrict05	room	listing_900
dtdistrict14	rent	listing_901
dtdistrict10	rent	listing_902
dtdistrict14	sale	listing_903
dtdistrict12	room	listing_904
dtdistrict15	rent	listing_905
dtdistrict23	rent	listing_906
dtdistrict11	rent	listing_907
dtdistrict23	rent	listing_908
dtdistrict08	rent	listing_909
dtdistrict15	rent	listing_91
dtdistrict02	rent	listing_910
dtdistrict18	rent	listing_911
dtdistrict10	rent	listing_912
dtdistrict20	rent	listing_913
dtdistrict10	rent	listing_914
dtdistrict09	rent	listing_915
dtdistrict10	rent	listing_916
dtdistrict10	rent	listing_917
dtdistrict05	rent	listing_918
dtdistrict15	rent	listing_919
dtdistrict19	rent	listing_92
dtdistrict14	rent	listing_920
dtdistrict08	rent	listing_921
dtdistrict03	rent	listing_922
dtdistrict09	rent	listing_923
dtdistrict23	rent	listing_924
dtdistrict15	rent	listing_925
dtdistrict14	rent	listing_926
dtdistrict20	room	listing_927
dtdistrict05	sale	listing_928
dtdistrict01	rent	listing_929
dtdistrict12	rent	listing_93
dtdistrict09	room	listing_930
dtdistrict04	rent	listing_931
dtdistrict10	rent	listing_932
dtdistrict15	rent	listing_933
dtdistrict18	sale	listing_934
dtdistrict02	rent	listing_935
dtdistrict27	room	listing_936
dtdistrict10	rent	listing_937
dtdistrict20	rent	listing_938
dtdistrict15	sale	listing_939
dtdistrict19	sale	listing_94
dtdistrict19	sale	listing_940
dtdistrict23	rent	listing_941
dtdistrict03	rent	listing_942
dtdistrict19	sale	listing_943
dtdistrict19	rent	listing_944
dtdistrict08	rent	listing_945
dtdistrict01	rent	listing_946
dtdistrict09	rent	listing_947
dtdistrict09	rent	listing_948
dtdistrict03	rent	listing_949
dtdistrict16	rent	listing_95
dtdistrict09	rent	listing_950
dtdistrict19	sale	listing_951
dtdistrict09	rent	listing_952
dtdistrict09	rent	listing_953
dtdistrict03	rent	listing_954
dtdistrict15	rent	listing_955
dtdistrict23	rent	listing_956
dtdistrict14	rent	listing_957
dtdistrict14	rent	listing_958
dtdistrict09	rent	listing_959
dtdistrict03	rent	listing_96
dtdistrict05	rent	listing_960
dtdistrict03	rent	listing_961
dtdistrict03	rent	listing_962
dtdistrict05	sale	listing_963
dtdistrict03	rent	listing_964
dtdistrict09	rent	listing_965
dtdistrict09	rent	listing_966
dtdistrict20	rent	listing_967
dtdistrict19	sale	listing_968
dtdistrict08	room	listing_969
dtdistrict27	rent	listing_97
dtdistrict03	sale	listing_970
dtdistrict19	rent	listing_971
dtdistrict03	rent	listing_972
dtdistrict23	rent	listing_973
dtdistrict09	rent	listing_974
dtdistrict15	rent	listing_975
dtdistrict09	rent	listing_976
dtdistrict08	rent	listing_977
dtdistrict11	rent	listing_978
dtdistrict14	rent	listing_979
dtdistrict19	sale	listing_98
dtdistrict19	room	listing_980
dtdistrict09	rent	listing_981
dtdistrict08	rent	listing_982
dtdistrict10	sale	listing_983
dtdistrict02	room	listing_984
dtdistrict05	rent	listing_985
dtdistrict14	rent	listing_986
dtdistrict15	rent	listing_987
dtdistrict05	rent	listing_988
dtdistrict03	rent	listing_989
dtdistrict10	rent	listing_99
dtdistrict23	rent	listing_990
dtdistrict19	rent	listing_991
dtdistrict23	rent	listing_992
dtdistrict09	rent	listing_993
dtdistrict09	rent	listing_994
dtdistrict15	rent	listing_995
dtdistrict10	rent	listing_996
dtdistrict03	rent	listing_997
dtdistrict03	rent	listing_998
dtdistrict15	sale	listing_999